Int32;Int32;;
-999930414;-999930414;Да;ИСТИНА
-999326447;-999326447;Да;ИСТИНА
-995832302;-995832302;Да;ИСТИНА
-995266635;-995266635;Да;ИСТИНА
-995115580;-995115580;Да;ИСТИНА
-994917810;-994917810;Да;ИСТИНА
-994679342;-994679342;Да;ИСТИНА
-994567891;-994567891;Да;ИСТИНА
-993470331;-993470331;Да;ИСТИНА
-992007530;-992007530;Да;ИСТИНА
-990891588;-990891588;Да;ИСТИНА
-989923180;-989923180;Да;ИСТИНА
-989441516;-989441516;Да;ИСТИНА
-989431487;-989431487;Да;ИСТИНА
-987503773;-987503773;Да;ИСТИНА
-987241909;-987241909;Да;ИСТИНА
-986958551;-986958551;Да;ИСТИНА
-986606920;-986606920;Да;ИСТИНА
-985484469;-985484469;Да;ИСТИНА
-985058025;-985058025;Да;ИСТИНА
-984490969;-984490969;Да;ИСТИНА
-982606549;-982606549;Да;ИСТИНА
-976861635;-976861635;Да;ИСТИНА
-975475123;-975475123;Да;ИСТИНА
-975104296;-975104296;Да;ИСТИНА
-975034643;-975034643;Да;ИСТИНА
-974425003;-974425003;Да;ИСТИНА
-974151504;-974151504;Да;ИСТИНА
-973889756;-973889756;Да;ИСТИНА
-973502862;-973502862;Да;ИСТИНА
-971158251;-971158251;Да;ИСТИНА
-970678692;-970678692;Да;ИСТИНА
-970295394;-970295394;Да;ИСТИНА
-970268637;-970268637;Да;ИСТИНА
-970025847;-970025847;Да;ИСТИНА
-970023220;-970023220;Да;ИСТИНА
-967266769;-967266769;Да;ИСТИНА
-967016524;-967016524;Да;ИСТИНА
-966629562;-966629562;Да;ИСТИНА
-965764861;-965764861;Да;ИСТИНА
-965273125;-965273125;Да;ИСТИНА
-964492644;-964492644;Да;ИСТИНА
-963428055;-963428055;Да;ИСТИНА
-962047462;-962047462;Да;ИСТИНА
-961163549;-961163549;Да;ИСТИНА
-959657268;-959657268;Да;ИСТИНА
-958636309;-958636309;Да;ИСТИНА
-957927134;-957927134;Да;ИСТИНА
-957709001;-957709001;Да;ИСТИНА
-957454790;-957454790;Да;ИСТИНА
-957403072;-957403072;Да;ИСТИНА
-957099743;-957099743;Да;ИСТИНА
-956912138;-956912138;Да;ИСТИНА
-956856621;-956856621;Да;ИСТИНА
-955339381;-955339381;Да;ИСТИНА
-955289863;-955289863;Да;ИСТИНА
-954671613;-954671613;Да;ИСТИНА
-954139449;-954139449;Да;ИСТИНА
-953656541;-953656541;Да;ИСТИНА
-953363011;-953363011;Да;ИСТИНА
-953072291;-953072291;Да;ИСТИНА
-951032098;-951032098;Да;ИСТИНА
-951022185;-951022185;Да;ИСТИНА
-948984597;-948984597;Да;ИСТИНА
-947509412;-947509412;Да;ИСТИНА
-944612401;-944612401;Да;ИСТИНА
-944539860;-944539860;Да;ИСТИНА
-943756291;-943756291;Да;ИСТИНА
-941941483;-941941483;Да;ИСТИНА
-939660190;-939660190;Да;ИСТИНА
-938920963;-938920963;Да;ИСТИНА
-938491463;-938491463;Да;ИСТИНА
-938373779;-938373779;Да;ИСТИНА
-936557203;-936557203;Да;ИСТИНА
-935874761;-935874761;Да;ИСТИНА
-935853917;-935853917;Да;ИСТИНА
-935370860;-935370860;Да;ИСТИНА
-934395000;-934395000;Да;ИСТИНА
-933737448;-933737448;Да;ИСТИНА
-932582942;-932582942;Да;ИСТИНА
-930826941;-930826941;Да;ИСТИНА
-930107648;-930107648;Да;ИСТИНА
-928723779;-928723779;Да;ИСТИНА
-928499773;-928499773;Да;ИСТИНА
-928381813;-928381813;Да;ИСТИНА
-927805228;-927805228;Да;ИСТИНА
-925962636;-925962636;Да;ИСТИНА
-925526889;-925526889;Да;ИСТИНА
-925390952;-925390952;Да;ИСТИНА
-925159634;-925159634;Да;ИСТИНА
-924930616;-924930616;Да;ИСТИНА
-923693535;-923693535;Да;ИСТИНА
-923531802;-923531802;Да;ИСТИНА
-923475489;-923475489;Да;ИСТИНА
-920583399;-920583399;Да;ИСТИНА
-920204326;-920204326;Да;ИСТИНА
-917799825;-917799825;Да;ИСТИНА
-917283596;-917283596;Да;ИСТИНА
-916555853;-916555853;Да;ИСТИНА
-915627327;-915627327;Да;ИСТИНА
-915532876;-915532876;Да;ИСТИНА
-913223950;-913223950;Да;ИСТИНА
-913090877;-913090877;Да;ИСТИНА
-909990915;-909990915;Да;ИСТИНА
-909482884;-909482884;Да;ИСТИНА
-909367003;-909367003;Да;ИСТИНА
-908287883;-908287883;Да;ИСТИНА
-908098332;-908098332;Да;ИСТИНА
-907825796;-907825796;Да;ИСТИНА
-907801057;-907801057;Да;ИСТИНА
-907790878;-907790878;Да;ИСТИНА
-907609832;-907609832;Да;ИСТИНА
-907082394;-907082394;Да;ИСТИНА
-906942759;-906942759;Да;ИСТИНА
-906700998;-906700998;Да;ИСТИНА
-906516147;-906516147;Да;ИСТИНА
-906082881;-906082881;Да;ИСТИНА
-905848543;-905848543;Да;ИСТИНА
-903650058;-903650058;Да;ИСТИНА
-902635000;-902635000;Да;ИСТИНА
-900155329;-900155329;Да;ИСТИНА
-898298714;-898298714;Да;ИСТИНА
-897164904;-897164904;Да;ИСТИНА
-896581093;-896581093;Да;ИСТИНА
-893943712;-893943712;Да;ИСТИНА
-893462526;-893462526;Да;ИСТИНА
-893236896;-893236896;Да;ИСТИНА
-892542047;-892542047;Да;ИСТИНА
-892046027;-892046027;Да;ИСТИНА
-890683026;-890683026;Да;ИСТИНА
-890263067;-890263067;Да;ИСТИНА
-889878048;-889878048;Да;ИСТИНА
-886708523;-886708523;Да;ИСТИНА
-885500688;-885500688;Да;ИСТИНА
-885173400;-885173400;Да;ИСТИНА
-885070405;-885070405;Да;ИСТИНА
-884046881;-884046881;Да;ИСТИНА
-881928646;-881928646;Да;ИСТИНА
-881580433;-881580433;Да;ИСТИНА
-878727620;-878727620;Да;ИСТИНА
-877227487;-877227487;Да;ИСТИНА
-876515790;-876515790;Да;ИСТИНА
-874547613;-874547613;Да;ИСТИНА
-874471400;-874471400;Да;ИСТИНА
-873137918;-873137918;Да;ИСТИНА
-872821137;-872821137;Да;ИСТИНА
-871329007;-871329007;Да;ИСТИНА
-869317224;-869317224;Да;ИСТИНА
-869160399;-869160399;Да;ИСТИНА
-869007018;-869007018;Да;ИСТИНА
-868181006;-868181006;Да;ИСТИНА
-867970002;-867970002;Да;ИСТИНА
-866174169;-866174169;Да;ИСТИНА
-865611862;-865611862;Да;ИСТИНА
-865291259;-865291259;Да;ИСТИНА
-864823714;-864823714;Да;ИСТИНА
-864583643;-864583643;Да;ИСТИНА
-864401216;-864401216;Да;ИСТИНА
-864173087;-864173087;Да;ИСТИНА
-862788631;-862788631;Да;ИСТИНА
-862658756;-862658756;Да;ИСТИНА
-862630517;-862630517;Да;ИСТИНА
-861845604;-861845604;Да;ИСТИНА
-861185476;-861185476;Да;ИСТИНА
-859483187;-859483187;Да;ИСТИНА
-857684357;-857684357;Да;ИСТИНА
-855897051;-855897051;Да;ИСТИНА
-854747240;-854747240;Да;ИСТИНА
-854329455;-854329455;Да;ИСТИНА
-853960401;-853960401;Да;ИСТИНА
-853485245;-853485245;Да;ИСТИНА
-852022320;-852022320;Да;ИСТИНА
-851835307;-851835307;Да;ИСТИНА
-851339416;-851339416;Да;ИСТИНА
-849986933;-849986933;Да;ИСТИНА
-849778873;-849778873;Да;ИСТИНА
-848776344;-848776344;Да;ИСТИНА
-848278244;-848278244;Да;ИСТИНА
-847801345;-847801345;Да;ИСТИНА
-847338867;-847338867;Да;ИСТИНА
-844226775;-844226775;Да;ИСТИНА
-843764014;-843764014;Да;ИСТИНА
-843662676;-843662676;Да;ИСТИНА
-841215216;-841215216;Да;ИСТИНА
-838763643;-838763643;Да;ИСТИНА
-838753568;-838753568;Да;ИСТИНА
-836522335;-836522335;Да;ИСТИНА
-836375536;-836375536;Да;ИСТИНА
-836015723;-836015723;Да;ИСТИНА
-835384497;-835384497;Да;ИСТИНА
-834562807;-834562807;Да;ИСТИНА
-830226936;-830226936;Да;ИСТИНА
-830195429;-830195429;Да;ИСТИНА
-830069996;-830069996;Да;ИСТИНА
-828875891;-828875891;Да;ИСТИНА
-828691417;-828691417;Да;ИСТИНА
-827978641;-827978641;Да;ИСТИНА
-827878078;-827878078;Да;ИСТИНА
-827413158;-827413158;Да;ИСТИНА
-825094766;-825094766;Да;ИСТИНА
-824840029;-824840029;Да;ИСТИНА
-824727615;-824727615;Да;ИСТИНА
-824296208;-824296208;Да;ИСТИНА
-823117869;-823117869;Да;ИСТИНА
-822473071;-822473071;Да;ИСТИНА
-821972228;-821972228;Да;ИСТИНА
-821590031;-821590031;Да;ИСТИНА
-821583751;-821583751;Да;ИСТИНА
-821405306;-821405306;Да;ИСТИНА
-817230557;-817230557;Да;ИСТИНА
-816810814;-816810814;Да;ИСТИНА
-816020110;-816020110;Да;ИСТИНА
-814846238;-814846238;Да;ИСТИНА
-814511351;-814511351;Да;ИСТИНА
-814323216;-814323216;Да;ИСТИНА
-813542155;-813542155;Да;ИСТИНА
-813319439;-813319439;Да;ИСТИНА
-812870694;-812870694;Да;ИСТИНА
-812709682;-812709682;Да;ИСТИНА
-812596782;-812596782;Да;ИСТИНА
-808780758;-808780758;Да;ИСТИНА
-807203231;-807203231;Да;ИСТИНА
-805906184;-805906184;Да;ИСТИНА
-805259203;-805259203;Да;ИСТИНА
-803593928;-803593928;Да;ИСТИНА
-803348480;-803348480;Да;ИСТИНА
-803038769;-803038769;Да;ИСТИНА
-802825732;-802825732;Да;ИСТИНА
-802298860;-802298860;Да;ИСТИНА
-802053167;-802053167;Да;ИСТИНА
-800287162;-800287162;Да;ИСТИНА
-800144236;-800144236;Да;ИСТИНА
-799043702;-799043702;Да;ИСТИНА
-798084453;-798084453;Да;ИСТИНА
-797332647;-797332647;Да;ИСТИНА
-797212990;-797212990;Да;ИСТИНА
-797161398;-797161398;Да;ИСТИНА
-795846198;-795846198;Да;ИСТИНА
-794898408;-794898408;Да;ИСТИНА
-794850742;-794850742;Да;ИСТИНА
-794847198;-794847198;Да;ИСТИНА
-794173429;-794173429;Да;ИСТИНА
-793834612;-793834612;Да;ИСТИНА
-793056824;-793056824;Да;ИСТИНА
-793011754;-793011754;Да;ИСТИНА
-792303486;-792303486;Да;ИСТИНА
-789414366;-789414366;Да;ИСТИНА
-789219555;-789219555;Да;ИСТИНА
-788362214;-788362214;Да;ИСТИНА
-788231568;-788231568;Да;ИСТИНА
-787673236;-787673236;Да;ИСТИНА
-787353484;-787353484;Да;ИСТИНА
-787100099;-787100099;Да;ИСТИНА
-784892797;-784892797;Да;ИСТИНА
-783521292;-783521292;Да;ИСТИНА
-781994179;-781994179;Да;ИСТИНА
-781930925;-781930925;Да;ИСТИНА
-781254821;-781254821;Да;ИСТИНА
-780120580;-780120580;Да;ИСТИНА
-777735895;-777735895;Да;ИСТИНА
-777654747;-777654747;Да;ИСТИНА
-776359727;-776359727;Да;ИСТИНА
-775947066;-775947066;Да;ИСТИНА
-775823347;-775823347;Да;ИСТИНА
-775684601;-775684601;Да;ИСТИНА
-773304631;-773304631;Да;ИСТИНА
-771190800;-771190800;Да;ИСТИНА
-770291606;-770291606;Да;ИСТИНА
-770202460;-770202460;Да;ИСТИНА
-768797749;-768797749;Да;ИСТИНА
-768759725;-768759725;Да;ИСТИНА
-767774897;-767774897;Да;ИСТИНА
-766593569;-766593569;Да;ИСТИНА
-766299194;-766299194;Да;ИСТИНА
-764969480;-764969480;Да;ИСТИНА
-763401836;-763401836;Да;ИСТИНА
-762825187;-762825187;Да;ИСТИНА
-760659306;-760659306;Да;ИСТИНА
-760142722;-760142722;Да;ИСТИНА
-760040808;-760040808;Да;ИСТИНА
-757916029;-757916029;Да;ИСТИНА
-757485596;-757485596;Да;ИСТИНА
-757398418;-757398418;Да;ИСТИНА
-754911763;-754911763;Да;ИСТИНА
-754830214;-754830214;Да;ИСТИНА
-753479765;-753479765;Да;ИСТИНА
-753299648;-753299648;Да;ИСТИНА
-750898745;-750898745;Да;ИСТИНА
-750738141;-750738141;Да;ИСТИНА
-749346232;-749346232;Да;ИСТИНА
-749241531;-749241531;Да;ИСТИНА
-748293109;-748293109;Да;ИСТИНА
-748153226;-748153226;Да;ИСТИНА
-748149524;-748149524;Да;ИСТИНА
-747032473;-747032473;Да;ИСТИНА
-747002289;-747002289;Да;ИСТИНА
-746143931;-746143931;Да;ИСТИНА
-745733731;-745733731;Да;ИСТИНА
-744452708;-744452708;Да;ИСТИНА
-742366448;-742366448;Да;ИСТИНА
-741396986;-741396986;Да;ИСТИНА
-740468448;-740468448;Да;ИСТИНА
-740076583;-740076583;Да;ИСТИНА
-739715069;-739715069;Да;ИСТИНА
-739629374;-739629374;Да;ИСТИНА
-738699732;-738699732;Да;ИСТИНА
-737825490;-737825490;Да;ИСТИНА
-736319672;-736319672;Да;ИСТИНА
-736116729;-736116729;Да;ИСТИНА
-735114382;-735114382;Да;ИСТИНА
-733259766;-733259766;Да;ИСТИНА
-733146742;-733146742;Да;ИСТИНА
-732744954;-732744954;Да;ИСТИНА
-731668111;-731668111;Да;ИСТИНА
-731237891;-731237891;Да;ИСТИНА
-730984243;-730984243;Да;ИСТИНА
-728937998;-728937998;Да;ИСТИНА
-724729196;-724729196;Да;ИСТИНА
-724094909;-724094909;Да;ИСТИНА
-724062819;-724062819;Да;ИСТИНА
-723831762;-723831762;Да;ИСТИНА
-723395275;-723395275;Да;ИСТИНА
-723224183;-723224183;Да;ИСТИНА
-723068389;-723068389;Да;ИСТИНА
-721975405;-721975405;Да;ИСТИНА
-720524360;-720524360;Да;ИСТИНА
-719819593;-719819593;Да;ИСТИНА
-719136279;-719136279;Да;ИСТИНА
-716030723;-716030723;Да;ИСТИНА
-715459046;-715459046;Да;ИСТИНА
-713896408;-713896408;Да;ИСТИНА
-713772374;-713772374;Да;ИСТИНА
-713330597;-713330597;Да;ИСТИНА
-712191900;-712191900;Да;ИСТИНА
-712083451;-712083451;Да;ИСТИНА
-709687993;-709687993;Да;ИСТИНА
-708615319;-708615319;Да;ИСТИНА
-707999649;-707999649;Да;ИСТИНА
-707336350;-707336350;Да;ИСТИНА
-707015787;-707015787;Да;ИСТИНА
-706069328;-706069328;Да;ИСТИНА
-704837880;-704837880;Да;ИСТИНА
-704621769;-704621769;Да;ИСТИНА
-703933455;-703933455;Да;ИСТИНА
-702965692;-702965692;Да;ИСТИНА
-702642745;-702642745;Да;ИСТИНА
-700342446;-700342446;Да;ИСТИНА
-699768774;-699768774;Да;ИСТИНА
-699312820;-699312820;Да;ИСТИНА
-698618445;-698618445;Да;ИСТИНА
-697356529;-697356529;Да;ИСТИНА
-696064566;-696064566;Да;ИСТИНА
-696025505;-696025505;Да;ИСТИНА
-695874800;-695874800;Да;ИСТИНА
-694422673;-694422673;Да;ИСТИНА
-693634815;-693634815;Да;ИСТИНА
-690171775;-690171775;Да;ИСТИНА
-688356007;-688356007;Да;ИСТИНА
-687362238;-687362238;Да;ИСТИНА
-685209712;-685209712;Да;ИСТИНА
-684678377;-684678377;Да;ИСТИНА
-684635275;-684635275;Да;ИСТИНА
-683577856;-683577856;Да;ИСТИНА
-683420628;-683420628;Да;ИСТИНА
-682930568;-682930568;Да;ИСТИНА
-682903294;-682903294;Да;ИСТИНА
-682599606;-682599606;Да;ИСТИНА
-682584731;-682584731;Да;ИСТИНА
-680706919;-680706919;Да;ИСТИНА
-680627190;-680627190;Да;ИСТИНА
-679571590;-679571590;Да;ИСТИНА
-678696990;-678696990;Да;ИСТИНА
-675647409;-675647409;Да;ИСТИНА
-674824718;-674824718;Да;ИСТИНА
-673557882;-673557882;Да;ИСТИНА
-672677793;-672677793;Да;ИСТИНА
-672646799;-672646799;Да;ИСТИНА
-672538023;-672538023;Да;ИСТИНА
-671853731;-671853731;Да;ИСТИНА
-670303387;-670303387;Да;ИСТИНА
-669404340;-669404340;Да;ИСТИНА
-669325455;-669325455;Да;ИСТИНА
-666992741;-666992741;Да;ИСТИНА
-665451786;-665451786;Да;ИСТИНА
-665254794;-665254794;Да;ИСТИНА
-663809417;-663809417;Да;ИСТИНА
-663294039;-663294039;Да;ИСТИНА
-662775885;-662775885;Да;ИСТИНА
-662582130;-662582130;Да;ИСТИНА
-662472303;-662472303;Да;ИСТИНА
-661762887;-661762887;Да;ИСТИНА
-661600329;-661600329;Да;ИСТИНА
-661221944;-661221944;Да;ИСТИНА
-660325059;-660325059;Да;ИСТИНА
-660290787;-660290787;Да;ИСТИНА
-659294925;-659294925;Да;ИСТИНА
-657329625;-657329625;Да;ИСТИНА
-656876800;-656876800;Да;ИСТИНА
-656484505;-656484505;Да;ИСТИНА
-655145484;-655145484;Да;ИСТИНА
-652750828;-652750828;Да;ИСТИНА
-652302713;-652302713;Да;ИСТИНА
-651234022;-651234022;Да;ИСТИНА
-650874961;-650874961;Да;ИСТИНА
-648357965;-648357965;Да;ИСТИНА
-647908671;-647908671;Да;ИСТИНА
-646315443;-646315443;Да;ИСТИНА
-646084228;-646084228;Да;ИСТИНА
-645028790;-645028790;Да;ИСТИНА
-643744257;-643744257;Да;ИСТИНА
-642962004;-642962004;Да;ИСТИНА
-642758269;-642758269;Да;ИСТИНА
-642610770;-642610770;Да;ИСТИНА
-642567163;-642567163;Да;ИСТИНА
-642551271;-642551271;Да;ИСТИНА
-642090348;-642090348;Да;ИСТИНА
-641142603;-641142603;Да;ИСТИНА
-640748927;-640748927;Да;ИСТИНА
-640653987;-640653987;Да;ИСТИНА
-640458894;-640458894;Да;ИСТИНА
-640408336;-640408336;Да;ИСТИНА
-638716763;-638716763;Да;ИСТИНА
-638467925;-638467925;Да;ИСТИНА
-637313485;-637313485;Да;ИСТИНА
-637308475;-637308475;Да;ИСТИНА
-636723015;-636723015;Да;ИСТИНА
-636534769;-636534769;Да;ИСТИНА
-636320747;-636320747;Да;ИСТИНА
-634821458;-634821458;Да;ИСТИНА
-633173263;-633173263;Да;ИСТИНА
-631877556;-631877556;Да;ИСТИНА
-631443197;-631443197;Да;ИСТИНА
-630970606;-630970606;Да;ИСТИНА
-630087852;-630087852;Да;ИСТИНА
-629296851;-629296851;Да;ИСТИНА
-628946862;-628946862;Да;ИСТИНА
-628059418;-628059418;Да;ИСТИНА
-626861370;-626861370;Да;ИСТИНА
-626746214;-626746214;Да;ИСТИНА
-626334401;-626334401;Да;ИСТИНА
-626191243;-626191243;Да;ИСТИНА
-623117677;-623117677;Да;ИСТИНА
-622478071;-622478071;Да;ИСТИНА
-621914833;-621914833;Да;ИСТИНА
-621841346;-621841346;Да;ИСТИНА
-621522780;-621522780;Да;ИСТИНА
-620628212;-620628212;Да;ИСТИНА
-620045612;-620045612;Да;ИСТИНА
-617547746;-617547746;Да;ИСТИНА
-616364560;-616364560;Да;ИСТИНА
-616262866;-616262866;Да;ИСТИНА
-614462599;-614462599;Да;ИСТИНА
-611480595;-611480595;Да;ИСТИНА
-610788778;-610788778;Да;ИСТИНА
-609464109;-609464109;Да;ИСТИНА
-608964379;-608964379;Да;ИСТИНА
-607747562;-607747562;Да;ИСТИНА
-606515506;-606515506;Да;ИСТИНА
-606381020;-606381020;Да;ИСТИНА
-606062195;-606062195;Да;ИСТИНА
-605900387;-605900387;Да;ИСТИНА
-605233927;-605233927;Да;ИСТИНА
-602593496;-602593496;Да;ИСТИНА
-602426429;-602426429;Да;ИСТИНА
-601899321;-601899321;Да;ИСТИНА
-600799023;-600799023;Да;ИСТИНА
-600580558;-600580558;Да;ИСТИНА
-600177522;-600177522;Да;ИСТИНА
-599870446;-599870446;Да;ИСТИНА
-598993920;-598993920;Да;ИСТИНА
-597281573;-597281573;Да;ИСТИНА
-597191341;-597191341;Да;ИСТИНА
-596661632;-596661632;Да;ИСТИНА
-596057398;-596057398;Да;ИСТИНА
-595786295;-595786295;Да;ИСТИНА
-594286899;-594286899;Да;ИСТИНА
-590322435;-590322435;Да;ИСТИНА
-590312569;-590312569;Да;ИСТИНА
-589746915;-589746915;Да;ИСТИНА
-588762492;-588762492;Да;ИСТИНА
-586555497;-586555497;Да;ИСТИНА
-585348392;-585348392;Да;ИСТИНА
-585247458;-585247458;Да;ИСТИНА
-584446317;-584446317;Да;ИСТИНА
-583830770;-583830770;Да;ИСТИНА
-582108125;-582108125;Да;ИСТИНА
-581917602;-581917602;Да;ИСТИНА
-581010433;-581010433;Да;ИСТИНА
-580872780;-580872780;Да;ИСТИНА
-580768241;-580768241;Да;ИСТИНА
-580565633;-580565633;Да;ИСТИНА
-578757730;-578757730;Да;ИСТИНА
-577961646;-577961646;Да;ИСТИНА
-577834768;-577834768;Да;ИСТИНА
-576904506;-576904506;Да;ИСТИНА
-576628977;-576628977;Да;ИСТИНА
-573079716;-573079716;Да;ИСТИНА
-571195588;-571195588;Да;ИСТИНА
-571164926;-571164926;Да;ИСТИНА
-570564991;-570564991;Да;ИСТИНА
-569285734;-569285734;Да;ИСТИНА
-568887544;-568887544;Да;ИСТИНА
-567132459;-567132459;Да;ИСТИНА
-566781535;-566781535;Да;ИСТИНА
-566668552;-566668552;Да;ИСТИНА
-566598160;-566598160;Да;ИСТИНА
-565760679;-565760679;Да;ИСТИНА
-565287763;-565287763;Да;ИСТИНА
-565158159;-565158159;Да;ИСТИНА
-564745888;-564745888;Да;ИСТИНА
-563349345;-563349345;Да;ИСТИНА
-561235219;-561235219;Да;ИСТИНА
-560735291;-560735291;Да;ИСТИНА
-559598592;-559598592;Да;ИСТИНА
-558285170;-558285170;Да;ИСТИНА
-556779426;-556779426;Да;ИСТИНА
-555488190;-555488190;Да;ИСТИНА
-555152301;-555152301;Да;ИСТИНА
-553832254;-553832254;Да;ИСТИНА
-552449907;-552449907;Да;ИСТИНА
-551487672;-551487672;Да;ИСТИНА
-549724220;-549724220;Да;ИСТИНА
-548745836;-548745836;Да;ИСТИНА
-547868183;-547868183;Да;ИСТИНА
-547104825;-547104825;Да;ИСТИНА
-546264941;-546264941;Да;ИСТИНА
-546136115;-546136115;Да;ИСТИНА
-545742659;-545742659;Да;ИСТИНА
-545291174;-545291174;Да;ИСТИНА
-541506246;-541506246;Да;ИСТИНА
-541144621;-541144621;Да;ИСТИНА
-540425233;-540425233;Да;ИСТИНА
-537440920;-537440920;Да;ИСТИНА
-536868807;-536868807;Да;ИСТИНА
-535997842;-535997842;Да;ИСТИНА
-535757500;-535757500;Да;ИСТИНА
-535387027;-535387027;Да;ИСТИНА
-534041869;-534041869;Да;ИСТИНА
-533326012;-533326012;Да;ИСТИНА
-532111013;-532111013;Да;ИСТИНА
-529605556;-529605556;Да;ИСТИНА
-528550527;-528550527;Да;ИСТИНА
-526996556;-526996556;Да;ИСТИНА
-524354066;-524354066;Да;ИСТИНА
-523548229;-523548229;Да;ИСТИНА
-523155788;-523155788;Да;ИСТИНА
-520824478;-520824478;Да;ИСТИНА
-520365619;-520365619;Да;ИСТИНА
-520074122;-520074122;Да;ИСТИНА
-519947456;-519947456;Да;ИСТИНА
-519717184;-519717184;Да;ИСТИНА
-518631531;-518631531;Да;ИСТИНА
-518588997;-518588997;Да;ИСТИНА
-511804937;-511804937;Да;ИСТИНА
-509774904;-509774904;Да;ИСТИНА
-509632978;-509632978;Да;ИСТИНА
-509191174;-509191174;Да;ИСТИНА
-508465657;-508465657;Да;ИСТИНА
-507792982;-507792982;Да;ИСТИНА
-506896904;-506896904;Да;ИСТИНА
-506667781;-506667781;Да;ИСТИНА
-505211315;-505211315;Да;ИСТИНА
-505076822;-505076822;Да;ИСТИНА
-504927102;-504927102;Да;ИСТИНА
-504424261;-504424261;Да;ИСТИНА
-504188178;-504188178;Да;ИСТИНА
-503953857;-503953857;Да;ИСТИНА
-503618192;-503618192;Да;ИСТИНА
-502117951;-502117951;Да;ИСТИНА
-501093111;-501093111;Да;ИСТИНА
-500570694;-500570694;Да;ИСТИНА
-499615413;-499615413;Да;ИСТИНА
-499408353;-499408353;Да;ИСТИНА
-499070321;-499070321;Да;ИСТИНА
-498630161;-498630161;Да;ИСТИНА
-493605056;-493605056;Да;ИСТИНА
-491997701;-491997701;Да;ИСТИНА
-490973945;-490973945;Да;ИСТИНА
-490546871;-490546871;Да;ИСТИНА
-490261502;-490261502;Да;ИСТИНА
-490220393;-490220393;Да;ИСТИНА
-488109702;-488109702;Да;ИСТИНА
-487085926;-487085926;Да;ИСТИНА
-486693226;-486693226;Да;ИСТИНА
-486681413;-486681413;Да;ИСТИНА
-486293981;-486293981;Да;ИСТИНА
-484680082;-484680082;Да;ИСТИНА
-484452336;-484452336;Да;ИСТИНА
-483777463;-483777463;Да;ИСТИНА
-483268773;-483268773;Да;ИСТИНА
-483017583;-483017583;Да;ИСТИНА
-482723065;-482723065;Да;ИСТИНА
-482246602;-482246602;Да;ИСТИНА
-481803419;-481803419;Да;ИСТИНА
-481604571;-481604571;Да;ИСТИНА
-480387283;-480387283;Да;ИСТИНА
-479950107;-479950107;Да;ИСТИНА
-476544782;-476544782;Да;ИСТИНА
-475692896;-475692896;Да;ИСТИНА
-474569349;-474569349;Да;ИСТИНА
-474551238;-474551238;Да;ИСТИНА
-474331224;-474331224;Да;ИСТИНА
-473698311;-473698311;Да;ИСТИНА
-473648987;-473648987;Да;ИСТИНА
-473404219;-473404219;Да;ИСТИНА
-473353667;-473353667;Да;ИСТИНА
-472793729;-472793729;Да;ИСТИНА
-472358110;-472358110;Да;ИСТИНА
-471980411;-471980411;Да;ИСТИНА
-471720395;-471720395;Да;ИСТИНА
-471058940;-471058940;Да;ИСТИНА
-469236032;-469236032;Да;ИСТИНА
-468863463;-468863463;Да;ИСТИНА
-468049599;-468049599;Да;ИСТИНА
-467048329;-467048329;Да;ИСТИНА
-466932972;-466932972;Да;ИСТИНА
-466356065;-466356065;Да;ИСТИНА
-466315578;-466315578;Да;ИСТИНА
-466226563;-466226563;Да;ИСТИНА
-465927051;-465927051;Да;ИСТИНА
-464672168;-464672168;Да;ИСТИНА
-463779692;-463779692;Да;ИСТИНА
-461029660;-461029660;Да;ИСТИНА
-460420463;-460420463;Да;ИСТИНА
-459533422;-459533422;Да;ИСТИНА
-457903867;-457903867;Да;ИСТИНА
-457492337;-457492337;Да;ИСТИНА
-457161639;-457161639;Да;ИСТИНА
-456623987;-456623987;Да;ИСТИНА
-455107157;-455107157;Да;ИСТИНА
-454860961;-454860961;Да;ИСТИНА
-454450300;-454450300;Да;ИСТИНА
-452940374;-452940374;Да;ИСТИНА
-452126869;-452126869;Да;ИСТИНА
-451336800;-451336800;Да;ИСТИНА
-450248978;-450248978;Да;ИСТИНА
-446547024;-446547024;Да;ИСТИНА
-446526416;-446526416;Да;ИСТИНА
-446126249;-446126249;Да;ИСТИНА
-445697943;-445697943;Да;ИСТИНА
-445351620;-445351620;Да;ИСТИНА
-444605132;-444605132;Да;ИСТИНА
-444561009;-444561009;Да;ИСТИНА
-443808518;-443808518;Да;ИСТИНА
-443495741;-443495741;Да;ИСТИНА
-442929965;-442929965;Да;ИСТИНА
-442497179;-442497179;Да;ИСТИНА
-439395463;-439395463;Да;ИСТИНА
-438885172;-438885172;Да;ИСТИНА
-438875143;-438875143;Да;ИСТИНА
-438416354;-438416354;Да;ИСТИНА
-438042579;-438042579;Да;ИСТИНА
-437854971;-437854971;Да;ИСТИНА
-437123401;-437123401;Да;ИСТИНА
-437113890;-437113890;Да;ИСТИНА
-435908027;-435908027;Да;ИСТИНА
-434981895;-434981895;Да;ИСТИНА
-434926978;-434926978;Да;ИСТИНА
-434124922;-434124922;Да;ИСТИНА
-433919994;-433919994;Да;ИСТИНА
-431942166;-431942166;Да;ИСТИНА
-430664876;-430664876;Да;ИСТИНА
-429996693;-429996693;Да;ИСТИНА
-428853250;-428853250;Да;ИСТИНА
-428677383;-428677383;Да;ИСТИНА
-428422091;-428422091;Да;ИСТИНА
-427541501;-427541501;Да;ИСТИНА
-426391261;-426391261;Да;ИСТИНА
-423431709;-423431709;Да;ИСТИНА
-422658436;-422658436;Да;ИСТИНА
-422241537;-422241537;Да;ИСТИНА
-421793616;-421793616;Да;ИСТИНА
-420160666;-420160666;Да;ИСТИНА
-419610631;-419610631;Да;ИСТИНА
-419042042;-419042042;Да;ИСТИНА
-418580457;-418580457;Да;ИСТИНА
-418485261;-418485261;Да;ИСТИНА
-417472314;-417472314;Да;ИСТИНА
-417125163;-417125163;Да;ИСТИНА
-416801996;-416801996;Да;ИСТИНА
-415075570;-415075570;Да;ИСТИНА
-414461795;-414461795;Да;ИСТИНА
-414368315;-414368315;Да;ИСТИНА
-413645042;-413645042;Да;ИСТИНА
-412371052;-412371052;Да;ИСТИНА
-409716993;-409716993;Да;ИСТИНА
-408876634;-408876634;Да;ИСТИНА
-407695667;-407695667;Да;ИСТИНА
-406783101;-406783101;Да;ИСТИНА
-406727857;-406727857;Да;ИСТИНА
-405650029;-405650029;Да;ИСТИНА
-404306706;-404306706;Да;ИСТИНА
-403878461;-403878461;Да;ИСТИНА
-403786098;-403786098;Да;ИСТИНА
-403641164;-403641164;Да;ИСТИНА
-403385895;-403385895;Да;ИСТИНА
-401019061;-401019061;Да;ИСТИНА
-400334108;-400334108;Да;ИСТИНА
-400214376;-400214376;Да;ИСТИНА
-400198670;-400198670;Да;ИСТИНА
-399372345;-399372345;Да;ИСТИНА
-395463186;-395463186;Да;ИСТИНА
-394994586;-394994586;Да;ИСТИНА
-394850092;-394850092;Да;ИСТИНА
-394205930;-394205930;Да;ИСТИНА
-394130534;-394130534;Да;ИСТИНА
-393225998;-393225998;Да;ИСТИНА
-392756459;-392756459;Да;ИСТИНА
-392231753;-392231753;Да;ИСТИНА
-391950517;-391950517;Да;ИСТИНА
-391847575;-391847575;Да;ИСТИНА
-391449198;-391449198;Да;ИСТИНА
-391033687;-391033687;Да;ИСТИНА
-390380476;-390380476;Да;ИСТИНА
-387596454;-387596454;Да;ИСТИНА
-387368538;-387368538;Да;ИСТИНА
-386768583;-386768583;Да;ИСТИНА
-385745958;-385745958;Да;ИСТИНА
-384257635;-384257635;Да;ИСТИНА
-382692011;-382692011;Да;ИСТИНА
-382292264;-382292264;Да;ИСТИНА
-382126566;-382126566;Да;ИСТИНА
-381547814;-381547814;Да;ИСТИНА
-381480144;-381480144;Да;ИСТИНА
-380392474;-380392474;Да;ИСТИНА
-378989870;-378989870;Да;ИСТИНА
-378652477;-378652477;Да;ИСТИНА
-378596053;-378596053;Да;ИСТИНА
-377530171;-377530171;Да;ИСТИНА
-376285668;-376285668;Да;ИСТИНА
-376211803;-376211803;Да;ИСТИНА
-376027369;-376027369;Да;ИСТИНА
-374528840;-374528840;Да;ИСТИНА
-373813036;-373813036;Да;ИСТИНА
-373320105;-373320105;Да;ИСТИНА
-373029638;-373029638;Да;ИСТИНА
-372374832;-372374832;Да;ИСТИНА
-372047532;-372047532;Да;ИСТИНА
-371570357;-371570357;Да;ИСТИНА
-371468085;-371468085;Да;ИСТИНА
-370636295;-370636295;Да;ИСТИНА
-370507011;-370507011;Да;ИСТИНА
-369536047;-369536047;Да;ИСТИНА
-369484720;-369484720;Да;ИСТИНА
-367816858;-367816858;Да;ИСТИНА
-367395179;-367395179;Да;ИСТИНА
-364852807;-364852807;Да;ИСТИНА
-364259506;-364259506;Да;ИСТИНА
-361390224;-361390224;Да;ИСТИНА
-360696166;-360696166;Да;ИСТИНА
-360052734;-360052734;Да;ИСТИНА
-359500006;-359500006;Да;ИСТИНА
-357674181;-357674181;Да;ИСТИНА
-357491964;-357491964;Да;ИСТИНА
-357483948;-357483948;Да;ИСТИНА
-357135222;-357135222;Да;ИСТИНА
-356988803;-356988803;Да;ИСТИНА
-356980516;-356980516;Да;ИСТИНА
-356741235;-356741235;Да;ИСТИНА
-355976680;-355976680;Да;ИСТИНА
-355851814;-355851814;Да;ИСТИНА
-355235522;-355235522;Да;ИСТИНА
-353472881;-353472881;Да;ИСТИНА
-353415031;-353415031;Да;ИСТИНА
-352993845;-352993845;Да;ИСТИНА
-351411778;-351411778;Да;ИСТИНА
-349991423;-349991423;Да;ИСТИНА
-348041726;-348041726;Да;ИСТИНА
-347566197;-347566197;Да;ИСТИНА
-346447572;-346447572;Да;ИСТИНА
-346027649;-346027649;Да;ИСТИНА
-342959343;-342959343;Да;ИСТИНА
-341584097;-341584097;Да;ИСТИНА
-341331644;-341331644;Да;ИСТИНА
-340897979;-340897979;Да;ИСТИНА
-340767556;-340767556;Да;ИСТИНА
-340211212;-340211212;Да;ИСТИНА
-340179519;-340179519;Да;ИСТИНА
-339946983;-339946983;Да;ИСТИНА
-338939731;-338939731;Да;ИСТИНА
-338646083;-338646083;Да;ИСТИНА
-338645531;-338645531;Да;ИСТИНА
-337754988;-337754988;Да;ИСТИНА
-337065449;-337065449;Да;ИСТИНА
-336767104;-336767104;Да;ИСТИНА
-334033240;-334033240;Да;ИСТИНА
-333512842;-333512842;Да;ИСТИНА
-333339114;-333339114;Да;ИСТИНА
-333152773;-333152773;Да;ИСТИНА
-333066344;-333066344;Да;ИСТИНА
-331541870;-331541870;Да;ИСТИНА
-331192685;-331192685;Да;ИСТИНА
-331051310;-331051310;Да;ИСТИНА
-330758485;-330758485;Да;ИСТИНА
-328015513;-328015513;Да;ИСТИНА
-326757429;-326757429;Да;ИСТИНА
-326344816;-326344816;Да;ИСТИНА
-326208722;-326208722;Да;ИСТИНА
-326010761;-326010761;Да;ИСТИНА
-325831915;-325831915;Да;ИСТИНА
-324853164;-324853164;Да;ИСТИНА
-324197871;-324197871;Да;ИСТИНА
-323727775;-323727775;Да;ИСТИНА
-323019093;-323019093;Да;ИСТИНА
-322216579;-322216579;Да;ИСТИНА
-322067529;-322067529;Да;ИСТИНА
-321651855;-321651855;Да;ИСТИНА
-321223961;-321223961;Да;ИСТИНА
-320307768;-320307768;Да;ИСТИНА
-318558327;-318558327;Да;ИСТИНА
-318399019;-318399019;Да;ИСТИНА
-317460295;-317460295;Да;ИСТИНА
-316836104;-316836104;Да;ИСТИНА
-316767639;-316767639;Да;ИСТИНА
-315976204;-315976204;Да;ИСТИНА
-314945162;-314945162;Да;ИСТИНА
-313607694;-313607694;Да;ИСТИНА
-313058821;-313058821;Да;ИСТИНА
-312748161;-312748161;Да;ИСТИНА
-312520583;-312520583;Да;ИСТИНА
-310663147;-310663147;Да;ИСТИНА
-310517334;-310517334;Да;ИСТИНА
-310419313;-310419313;Да;ИСТИНА
-310001763;-310001763;Да;ИСТИНА
-308682591;-308682591;Да;ИСТИНА
-308320948;-308320948;Да;ИСТИНА
-307060050;-307060050;Да;ИСТИНА
-306936501;-306936501;Да;ИСТИНА
-305404872;-305404872;Да;ИСТИНА
-304776741;-304776741;Да;ИСТИНА
-304291035;-304291035;Да;ИСТИНА
-303235309;-303235309;Да;ИСТИНА
-302884601;-302884601;Да;ИСТИНА
-302335965;-302335965;Да;ИСТИНА
-302329831;-302329831;Да;ИСТИНА
-301867245;-301867245;Да;ИСТИНА
-299742321;-299742321;Да;ИСТИНА
-298539301;-298539301;Да;ИСТИНА
-297859015;-297859015;Да;ИСТИНА
-293159342;-293159342;Да;ИСТИНА
-291310644;-291310644;Да;ИСТИНА
-291018159;-291018159;Да;ИСТИНА
-290248716;-290248716;Да;ИСТИНА
-289503614;-289503614;Да;ИСТИНА
-288476156;-288476156;Да;ИСТИНА
-288290163;-288290163;Да;ИСТИНА
-288152911;-288152911;Да;ИСТИНА
-288011680;-288011680;Да;ИСТИНА
-285690012;-285690012;Да;ИСТИНА
-285210214;-285210214;Да;ИСТИНА
-285201692;-285201692;Да;ИСТИНА
-284102808;-284102808;Да;ИСТИНА
-283929480;-283929480;Да;ИСТИНА
-283595063;-283595063;Да;ИСТИНА
-282347045;-282347045;Да;ИСТИНА
-281329044;-281329044;Да;ИСТИНА
-281235742;-281235742;Да;ИСТИНА
-279035620;-279035620;Да;ИСТИНА
-278400994;-278400994;Да;ИСТИНА
-277951302;-277951302;Да;ИСТИНА
-276452663;-276452663;Да;ИСТИНА
-276269511;-276269511;Да;ИСТИНА
-273280239;-273280239;Да;ИСТИНА
-273218488;-273218488;Да;ИСТИНА
-273099838;-273099838;Да;ИСТИНА
-272414056;-272414056;Да;ИСТИНА
-271475421;-271475421;Да;ИСТИНА
-270693906;-270693906;Да;ИСТИНА
-269612339;-269612339;Да;ИСТИНА
-268333267;-268333267;Да;ИСТИНА
-267975368;-267975368;Да;ИСТИНА
-265726434;-265726434;Да;ИСТИНА
-265458013;-265458013;Да;ИСТИНА
-265291704;-265291704;Да;ИСТИНА
-265289520;-265289520;Да;ИСТИНА
-264671613;-264671613;Да;ИСТИНА
-264455718;-264455718;Да;ИСТИНА
-262818691;-262818691;Да;ИСТИНА
-262196072;-262196072;Да;ИСТИНА
-261022990;-261022990;Да;ИСТИНА
-260577996;-260577996;Да;ИСТИНА
-260365236;-260365236;Да;ИСТИНА
-260290059;-260290059;Да;ИСТИНА
-259935768;-259935768;Да;ИСТИНА
-258587154;-258587154;Да;ИСТИНА
-256184042;-256184042;Да;ИСТИНА
-255003946;-255003946;Да;ИСТИНА
-250121989;-250121989;Да;ИСТИНА
-247284351;-247284351;Да;ИСТИНА
-247231265;-247231265;Да;ИСТИНА
-246392068;-246392068;Да;ИСТИНА
-246227188;-246227188;Да;ИСТИНА
-246081010;-246081010;Да;ИСТИНА
-244988119;-244988119;Да;ИСТИНА
-244348715;-244348715;Да;ИСТИНА
-242905523;-242905523;Да;ИСТИНА
-242573563;-242573563;Да;ИСТИНА
-242290134;-242290134;Да;ИСТИНА
-241188532;-241188532;Да;ИСТИНА
-240554645;-240554645;Да;ИСТИНА
-238953735;-238953735;Да;ИСТИНА
-238576300;-238576300;Да;ИСТИНА
-238409334;-238409334;Да;ИСТИНА
-237582726;-237582726;Да;ИСТИНА
-237195672;-237195672;Да;ИСТИНА
-236602666;-236602666;Да;ИСТИНА
-236034181;-236034181;Да;ИСТИНА
-233762126;-233762126;Да;ИСТИНА
-233324624;-233324624;Да;ИСТИНА
-232061267;-232061267;Да;ИСТИНА
-232039106;-232039106;Да;ИСТИНА
-229766263;-229766263;Да;ИСТИНА
-229046331;-229046331;Да;ИСТИНА
-228771462;-228771462;Да;ИСТИНА
-227081352;-227081352;Да;ИСТИНА
-225098583;-225098583;Да;ИСТИНА
-224909127;-224909127;Да;ИСТИНА
-224553136;-224553136;Да;ИСТИНА
-222850124;-222850124;Да;ИСТИНА
-221983155;-221983155;Да;ИСТИНА
-220328878;-220328878;Да;ИСТИНА
-220315889;-220315889;Да;ИСТИНА
-218026758;-218026758;Да;ИСТИНА
-217708850;-217708850;Да;ИСТИНА
-216039556;-216039556;Да;ИСТИНА
-214796617;-214796617;Да;ИСТИНА
-214695612;-214695612;Да;ИСТИНА
-214163993;-214163993;Да;ИСТИНА
-213428272;-213428272;Да;ИСТИНА
-213068963;-213068963;Да;ИСТИНА
-212982038;-212982038;Да;ИСТИНА
-212109856;-212109856;Да;ИСТИНА
-211751470;-211751470;Да;ИСТИНА
-208172887;-208172887;Да;ИСТИНА
-207537613;-207537613;Да;ИСТИНА
-206295236;-206295236;Да;ИСТИНА
-205324702;-205324702;Да;ИСТИНА
-204789959;-204789959;Да;ИСТИНА
-203691336;-203691336;Да;ИСТИНА
-202331538;-202331538;Да;ИСТИНА
-195307309;-195307309;Да;ИСТИНА
-194809695;-194809695;Да;ИСТИНА
-194271203;-194271203;Да;ИСТИНА
-193669839;-193669839;Да;ИСТИНА
-190079500;-190079500;Да;ИСТИНА
-188579240;-188579240;Да;ИСТИНА
-188574183;-188574183;Да;ИСТИНА
-187438200;-187438200;Да;ИСТИНА
-185851335;-185851335;Да;ИСТИНА
-184499493;-184499493;Да;ИСТИНА
-183483881;-183483881;Да;ИСТИНА
-180096528;-180096528;Да;ИСТИНА
-179613060;-179613060;Да;ИСТИНА
-179318768;-179318768;Да;ИСТИНА
-176578275;-176578275;Да;ИСТИНА
-176512894;-176512894;Да;ИСТИНА
-175236222;-175236222;Да;ИСТИНА
-175185755;-175185755;Да;ИСТИНА
-174714698;-174714698;Да;ИСТИНА
-173907453;-173907453;Да;ИСТИНА
-172998213;-172998213;Да;ИСТИНА
-172072880;-172072880;Да;ИСТИНА
-170889738;-170889738;Да;ИСТИНА
-169819092;-169819092;Да;ИСТИНА
-169493053;-169493053;Да;ИСТИНА
-169059976;-169059976;Да;ИСТИНА
-167319640;-167319640;Да;ИСТИНА
-166813574;-166813574;Да;ИСТИНА
-166737268;-166737268;Да;ИСТИНА
-163415568;-163415568;Да;ИСТИНА
-163149894;-163149894;Да;ИСТИНА
-162015551;-162015551;Да;ИСТИНА
-161248869;-161248869;Да;ИСТИНА
-160491205;-160491205;Да;ИСТИНА
-159396687;-159396687;Да;ИСТИНА
-158730141;-158730141;Да;ИСТИНА
-157923622;-157923622;Да;ИСТИНА
-157046963;-157046963;Да;ИСТИНА
-156296693;-156296693;Да;ИСТИНА
-155782446;-155782446;Да;ИСТИНА
-155603306;-155603306;Да;ИСТИНА
-153640876;-153640876;Да;ИСТИНА
-153098558;-153098558;Да;ИСТИНА
-152119873;-152119873;Да;ИСТИНА
-151895468;-151895468;Да;ИСТИНА
-151827718;-151827718;Да;ИСТИНА
-151418671;-151418671;Да;ИСТИНА
-150754183;-150754183;Да;ИСТИНА
-150559033;-150559033;Да;ИСТИНА
-148835355;-148835355;Да;ИСТИНА
-147745192;-147745192;Да;ИСТИНА
-147683241;-147683241;Да;ИСТИНА
-147479079;-147479079;Да;ИСТИНА
-145451402;-145451402;Да;ИСТИНА
-145326930;-145326930;Да;ИСТИНА
-144484930;-144484930;Да;ИСТИНА
-141024309;-141024309;Да;ИСТИНА
-140606650;-140606650;Да;ИСТИНА
-140089434;-140089434;Да;ИСТИНА
-139688839;-139688839;Да;ИСТИНА
-139607639;-139607639;Да;ИСТИНА
-139429472;-139429472;Да;ИСТИНА
-138371614;-138371614;Да;ИСТИНА
-136122274;-136122274;Да;ИСТИНА
-134656135;-134656135;Да;ИСТИНА
-134297926;-134297926;Да;ИСТИНА
-134038124;-134038124;Да;ИСТИНА
-133433780;-133433780;Да;ИСТИНА
-132571433;-132571433;Да;ИСТИНА
-132290184;-132290184;Да;ИСТИНА
-132244368;-132244368;Да;ИСТИНА
-131717343;-131717343;Да;ИСТИНА
-130846712;-130846712;Да;ИСТИНА
-130596506;-130596506;Да;ИСТИНА
-130031794;-130031794;Да;ИСТИНА
-129624554;-129624554;Да;ИСТИНА
-129275577;-129275577;Да;ИСТИНА
-128504688;-128504688;Да;ИСТИНА
-128364317;-128364317;Да;ИСТИНА
-126807497;-126807497;Да;ИСТИНА
-124592651;-124592651;Да;ИСТИНА
-123528916;-123528916;Да;ИСТИНА
-123197878;-123197878;Да;ИСТИНА
-122016969;-122016969;Да;ИСТИНА
-121750375;-121750375;Да;ИСТИНА
-121585755;-121585755;Да;ИСТИНА
-120739608;-120739608;Да;ИСТИНА
-119914155;-119914155;Да;ИСТИНА
-119097385;-119097385;Да;ИСТИНА
-118471606;-118471606;Да;ИСТИНА
-117588272;-117588272;Да;ИСТИНА
-116771765;-116771765;Да;ИСТИНА
-116488587;-116488587;Да;ИСТИНА
-115316597;-115316597;Да;ИСТИНА
-114489362;-114489362;Да;ИСТИНА
-114097688;-114097688;Да;ИСТИНА
-113730345;-113730345;Да;ИСТИНА
-113300914;-113300914;Да;ИСТИНА
-111077179;-111077179;Да;ИСТИНА
-109456548;-109456548;Да;ИСТИНА
-108936065;-108936065;Да;ИСТИНА
-108872123;-108872123;Да;ИСТИНА
-108564354;-108564354;Да;ИСТИНА
-106566001;-106566001;Да;ИСТИНА
-106082791;-106082791;Да;ИСТИНА
-105973503;-105973503;Да;ИСТИНА
-105364791;-105364791;Да;ИСТИНА
-104430640;-104430640;Да;ИСТИНА
-104094208;-104094208;Да;ИСТИНА
-103635063;-103635063;Да;ИСТИНА
-102134204;-102134204;Да;ИСТИНА
-99972685;-99972685;Да;ИСТИНА
-99203711;-99203711;Да;ИСТИНА
-99044555;-99044555;Да;ИСТИНА
-98970291;-98970291;Да;ИСТИНА
-97869002;-97869002;Да;ИСТИНА
-97851098;-97851098;Да;ИСТИНА
-97208987;-97208987;Да;ИСТИНА
-96491489;-96491489;Да;ИСТИНА
-96419858;-96419858;Да;ИСТИНА
-96417110;-96417110;Да;ИСТИНА
-93793702;-93793702;Да;ИСТИНА
-93241710;-93241710;Да;ИСТИНА
-93142622;-93142622;Да;ИСТИНА
-93064505;-93064505;Да;ИСТИНА
-92994738;-92994738;Да;ИСТИНА
-92779610;-92779610;Да;ИСТИНА
-92526969;-92526969;Да;ИСТИНА
-91941160;-91941160;Да;ИСТИНА
-90569696;-90569696;Да;ИСТИНА
-90550530;-90550530;Да;ИСТИНА
-89789382;-89789382;Да;ИСТИНА
-89577429;-89577429;Да;ИСТИНА
-87611649;-87611649;Да;ИСТИНА
-86070415;-86070415;Да;ИСТИНА
-85839891;-85839891;Да;ИСТИНА
-85659807;-85659807;Да;ИСТИНА
-85267807;-85267807;Да;ИСТИНА
-83474642;-83474642;Да;ИСТИНА
-82831825;-82831825;Да;ИСТИНА
-82545801;-82545801;Да;ИСТИНА
-82086685;-82086685;Да;ИСТИНА
-81729879;-81729879;Да;ИСТИНА
-80100952;-80100952;Да;ИСТИНА
-79636573;-79636573;Да;ИСТИНА
-79519618;-79519618;Да;ИСТИНА
-79357774;-79357774;Да;ИСТИНА
-78856622;-78856622;Да;ИСТИНА
-78810556;-78810556;Да;ИСТИНА
-78254195;-78254195;Да;ИСТИНА
-78034316;-78034316;Да;ИСТИНА
-77930237;-77930237;Да;ИСТИНА
-76249564;-76249564;Да;ИСТИНА
-75774855;-75774855;Да;ИСТИНА
-75351978;-75351978;Да;ИСТИНА
-72486893;-72486893;Да;ИСТИНА
-72352475;-72352475;Да;ИСТИНА
-70458255;-70458255;Да;ИСТИНА
-68801197;-68801197;Да;ИСТИНА
-68723529;-68723529;Да;ИСТИНА
-68344189;-68344189;Да;ИСТИНА
-68287212;-68287212;Да;ИСТИНА
-67517335;-67517335;Да;ИСТИНА
-66316173;-66316173;Да;ИСТИНА
-66181465;-66181465;Да;ИСТИНА
-66159711;-66159711;Да;ИСТИНА
-66061824;-66061824;Да;ИСТИНА
-65215873;-65215873;Да;ИСТИНА
-64328891;-64328891;Да;ИСТИНА
-63861698;-63861698;Да;ИСТИНА
-63468904;-63468904;Да;ИСТИНА
-63039696;-63039696;Да;ИСТИНА
-62261283;-62261283;Да;ИСТИНА
-62210954;-62210954;Да;ИСТИНА
-61635557;-61635557;Да;ИСТИНА
-61570366;-61570366;Да;ИСТИНА
-60686088;-60686088;Да;ИСТИНА
-59267471;-59267471;Да;ИСТИНА
-59096238;-59096238;Да;ИСТИНА
-58816076;-58816076;Да;ИСТИНА
-57569253;-57569253;Да;ИСТИНА
-57554965;-57554965;Да;ИСТИНА
-57106855;-57106855;Да;ИСТИНА
-55913186;-55913186;Да;ИСТИНА
-54997130;-54997130;Да;ИСТИНА
-53136833;-53136833;Да;ИСТИНА
-51180050;-51180050;Да;ИСТИНА
-51086327;-51086327;Да;ИСТИНА
-50435304;-50435304;Да;ИСТИНА
-48241699;-48241699;Да;ИСТИНА
-47654208;-47654208;Да;ИСТИНА
-46695618;-46695618;Да;ИСТИНА
-45393586;-45393586;Да;ИСТИНА
-44829911;-44829911;Да;ИСТИНА
-43748078;-43748078;Да;ИСТИНА
-43563684;-43563684;Да;ИСТИНА
-43444657;-43444657;Да;ИСТИНА
-43310397;-43310397;Да;ИСТИНА
-43288298;-43288298;Да;ИСТИНА
-41168795;-41168795;Да;ИСТИНА
-40985616;-40985616;Да;ИСТИНА
-39352179;-39352179;Да;ИСТИНА
-38052565;-38052565;Да;ИСТИНА
-36967925;-36967925;Да;ИСТИНА
-34129826;-34129826;Да;ИСТИНА
-33386149;-33386149;Да;ИСТИНА
-32695429;-32695429;Да;ИСТИНА
-31860190;-31860190;Да;ИСТИНА
-30588503;-30588503;Да;ИСТИНА
-29818641;-29818641;Да;ИСТИНА
-29341053;-29341053;Да;ИСТИНА
-28907622;-28907622;Да;ИСТИНА
-28756143;-28756143;Да;ИСТИНА
-28073830;-28073830;Да;ИСТИНА
-27956336;-27956336;Да;ИСТИНА
-26605681;-26605681;Да;ИСТИНА
-26372054;-26372054;Да;ИСТИНА
-25461394;-25461394;Да;ИСТИНА
-25312702;-25312702;Да;ИСТИНА
-24727139;-24727139;Да;ИСТИНА
-24261724;-24261724;Да;ИСТИНА
-22646660;-22646660;Да;ИСТИНА
-22608416;-22608416;Да;ИСТИНА
-21144092;-21144092;Да;ИСТИНА
-20731594;-20731594;Да;ИСТИНА
-20573863;-20573863;Да;ИСТИНА
-20328574;-20328574;Да;ИСТИНА
-19743297;-19743297;Да;ИСТИНА
-18753039;-18753039;Да;ИСТИНА
-17856660;-17856660;Да;ИСТИНА
-17707947;-17707947;Да;ИСТИНА
-17636364;-17636364;Да;ИСТИНА
-17351369;-17351369;Да;ИСТИНА
-17280055;-17280055;Да;ИСТИНА
-16867234;-16867234;Да;ИСТИНА
-15585630;-15585630;Да;ИСТИНА
-14254859;-14254859;Да;ИСТИНА
-13471354;-13471354;Да;ИСТИНА
-13204816;-13204816;Да;ИСТИНА
-12411985;-12411985;Да;ИСТИНА
-9518662;-9518662;Да;ИСТИНА
-8757391;-8757391;Да;ИСТИНА
-7916381;-7916381;Да;ИСТИНА
-7339869;-7339869;Да;ИСТИНА
-5248854;-5248854;Да;ИСТИНА
-4823167;-4823167;Да;ИСТИНА
-4182680;-4182680;Да;ИСТИНА
-4096133;-4096133;Да;ИСТИНА
-3150133;-3150133;Да;ИСТИНА
-1181836;-1181836;Да;ИСТИНА
812932;812932;Да;ИСТИНА
1324949;1324949;Да;ИСТИНА
1693221;1693221;Да;ИСТИНА
2216659;2216659;Да;ИСТИНА
2452521;2452521;Да;ИСТИНА
2746945;2746945;Да;ИСТИНА
3301849;3301849;Да;ИСТИНА
3320696;3320696;Да;ИСТИНА
3489115;3489115;Да;ИСТИНА
4816536;4816536;Да;ИСТИНА
5044033;5044033;Да;ИСТИНА
8049795;8049795;Да;ИСТИНА
8358177;8358177;Да;ИСТИНА
8998076;8998076;Да;ИСТИНА
9521526;9521526;Да;ИСТИНА
9824737;9824737;Да;ИСТИНА
10678100;10678100;Да;ИСТИНА
11771718;11771718;Да;ИСТИНА
14065927;14065927;Да;ИСТИНА
14896695;14896695;Да;ИСТИНА
16658848;16658848;Да;ИСТИНА
16995582;16995582;Да;ИСТИНА
17359825;17359825;Да;ИСТИНА
17766113;17766113;Да;ИСТИНА
17849102;17849102;Да;ИСТИНА
19981256;19981256;Да;ИСТИНА
20290493;20290493;Да;ИСТИНА
20989773;20989773;Да;ИСТИНА
21055260;21055260;Да;ИСТИНА
21113065;21113065;Да;ИСТИНА
22347152;22347152;Да;ИСТИНА
22464136;22464136;Да;ИСТИНА
22503407;22503407;Да;ИСТИНА
24344148;24344148;Да;ИСТИНА
24492705;24492705;Да;ИСТИНА
24579533;24579533;Да;ИСТИНА
24949989;24949989;Да;ИСТИНА
26238926;26238926;Да;ИСТИНА
26740556;26740556;Да;ИСТИНА
27457995;27457995;Да;ИСТИНА
27644977;27644977;Да;ИСТИНА
27840433;27840433;Да;ИСТИНА
28536105;28536105;Да;ИСТИНА
28644486;28644486;Да;ИСТИНА
29166926;29166926;Да;ИСТИНА
29920178;29920178;Да;ИСТИНА
32162938;32162938;Да;ИСТИНА
32955829;32955829;Да;ИСТИНА
33240007;33240007;Да;ИСТИНА
34152029;34152029;Да;ИСТИНА
35132081;35132081;Да;ИСТИНА
35924777;35924777;Да;ИСТИНА
36775036;36775036;Да;ИСТИНА
37927380;37927380;Да;ИСТИНА
39059385;39059385;Да;ИСТИНА
41256952;41256952;Да;ИСТИНА
41438099;41438099;Да;ИСТИНА
42480381;42480381;Да;ИСТИНА
43827275;43827275;Да;ИСТИНА
44827137;44827137;Да;ИСТИНА
44985009;44985009;Да;ИСТИНА
47056981;47056981;Да;ИСТИНА
47393258;47393258;Да;ИСТИНА
49108184;49108184;Да;ИСТИНА
49341547;49341547;Да;ИСТИНА
50208519;50208519;Да;ИСТИНА
51345327;51345327;Да;ИСТИНА
51604465;51604465;Да;ИСТИНА
54019002;54019002;Да;ИСТИНА
55109150;55109150;Да;ИСТИНА
55185093;55185093;Да;ИСТИНА
56123917;56123917;Да;ИСТИНА
56276640;56276640;Да;ИСТИНА
56685540;56685540;Да;ИСТИНА
57606371;57606371;Да;ИСТИНА
59342884;59342884;Да;ИСТИНА
59982320;59982320;Да;ИСТИНА
60385694;60385694;Да;ИСТИНА
60789234;60789234;Да;ИСТИНА
60875868;60875868;Да;ИСТИНА
60955244;60955244;Да;ИСТИНА
61454691;61454691;Да;ИСТИНА
62740018;62740018;Да;ИСТИНА
63312436;63312436;Да;ИСТИНА
63561430;63561430;Да;ИСТИНА
64331232;64331232;Да;ИСТИНА
64564093;64564093;Да;ИСТИНА
64820148;64820148;Да;ИСТИНА
65207700;65207700;Да;ИСТИНА
66876994;66876994;Да;ИСТИНА
67113379;67113379;Да;ИСТИНА
68412148;68412148;Да;ИСТИНА
68700515;68700515;Да;ИСТИНА
73045334;73045334;Да;ИСТИНА
74483839;74483839;Да;ИСТИНА
77037800;77037800;Да;ИСТИНА
79378601;79378601;Да;ИСТИНА
79817435;79817435;Да;ИСТИНА
80929097;80929097;Да;ИСТИНА
82879243;82879243;Да;ИСТИНА
84393529;84393529;Да;ИСТИНА
85576412;85576412;Да;ИСТИНА
86264056;86264056;Да;ИСТИНА
86934772;86934772;Да;ИСТИНА
87377042;87377042;Да;ИСТИНА
87752761;87752761;Да;ИСТИНА
88585491;88585491;Да;ИСТИНА
89152381;89152381;Да;ИСТИНА
89285610;89285610;Да;ИСТИНА
89632586;89632586;Да;ИСТИНА
90330163;90330163;Да;ИСТИНА
90408320;90408320;Да;ИСТИНА
91088071;91088071;Да;ИСТИНА
91974210;91974210;Да;ИСТИНА
92461045;92461045;Да;ИСТИНА
92490153;92490153;Да;ИСТИНА
93161941;93161941;Да;ИСТИНА
93407919;93407919;Да;ИСТИНА
93587105;93587105;Да;ИСТИНА
93668057;93668057;Да;ИСТИНА
95430062;95430062;Да;ИСТИНА
95523513;95523513;Да;ИСТИНА
95698794;95698794;Да;ИСТИНА
95746584;95746584;Да;ИСТИНА
96760539;96760539;Да;ИСТИНА
98529018;98529018;Да;ИСТИНА
102108827;102108827;Да;ИСТИНА
104148243;104148243;Да;ИСТИНА
104898445;104898445;Да;ИСТИНА
105382313;105382313;Да;ИСТИНА
105632602;105632602;Да;ИСТИНА
105715259;105715259;Да;ИСТИНА
105812016;105812016;Да;ИСТИНА
107970243;107970243;Да;ИСТИНА
108183108;108183108;Да;ИСТИНА
109473081;109473081;Да;ИСТИНА
110028292;110028292;Да;ИСТИНА
110221415;110221415;Да;ИСТИНА
114063401;114063401;Да;ИСТИНА
116030069;116030069;Да;ИСТИНА
116403218;116403218;Да;ИСТИНА
116630534;116630534;Да;ИСТИНА
117205818;117205818;Да;ИСТИНА
117818001;117818001;Да;ИСТИНА
120360267;120360267;Да;ИСТИНА
120626417;120626417;Да;ИСТИНА
121204099;121204099;Да;ИСТИНА
121628297;121628297;Да;ИСТИНА
123683432;123683432;Да;ИСТИНА
126585965;126585965;Да;ИСТИНА
128838268;128838268;Да;ИСТИНА
129992668;129992668;Да;ИСТИНА
130684955;130684955;Да;ИСТИНА
130848653;130848653;Да;ИСТИНА
133045075;133045075;Да;ИСТИНА
135746283;135746283;Да;ИСТИНА
137152158;137152158;Да;ИСТИНА
137790385;137790385;Да;ИСТИНА
139371030;139371030;Да;ИСТИНА
139643343;139643343;Да;ИСТИНА
140442219;140442219;Да;ИСТИНА
142143932;142143932;Да;ИСТИНА
143224475;143224475;Да;ИСТИНА
144236660;144236660;Да;ИСТИНА
145578883;145578883;Да;ИСТИНА
145991747;145991747;Да;ИСТИНА
146491681;146491681;Да;ИСТИНА
147634760;147634760;Да;ИСТИНА
150207570;150207570;Да;ИСТИНА
150315957;150315957;Да;ИСТИНА
150450879;150450879;Да;ИСТИНА
151342073;151342073;Да;ИСТИНА
154374357;154374357;Да;ИСТИНА
154778983;154778983;Да;ИСТИНА
156102890;156102890;Да;ИСТИНА
157013948;157013948;Да;ИСТИНА
157139515;157139515;Да;ИСТИНА
157730625;157730625;Да;ИСТИНА
158892985;158892985;Да;ИСТИНА
160297499;160297499;Да;ИСТИНА
160930142;160930142;Да;ИСТИНА
162488567;162488567;Да;ИСТИНА
163185288;163185288;Да;ИСТИНА
163527054;163527054;Да;ИСТИНА
163897851;163897851;Да;ИСТИНА
165822531;165822531;Да;ИСТИНА
167301025;167301025;Да;ИСТИНА
169325245;169325245;Да;ИСТИНА
169925044;169925044;Да;ИСТИНА
170141841;170141841;Да;ИСТИНА
171877248;171877248;Да;ИСТИНА
172253350;172253350;Да;ИСТИНА
173040375;173040375;Да;ИСТИНА
173234776;173234776;Да;ИСТИНА
173547756;173547756;Да;ИСТИНА
174603873;174603873;Да;ИСТИНА
175131876;175131876;Да;ИСТИНА
176373729;176373729;Да;ИСТИНА
176949775;176949775;Да;ИСТИНА
177904738;177904738;Да;ИСТИНА
179162081;179162081;Да;ИСТИНА
179552916;179552916;Да;ИСТИНА
181372655;181372655;Да;ИСТИНА
182403681;182403681;Да;ИСТИНА
182773753;182773753;Да;ИСТИНА
183705032;183705032;Да;ИСТИНА
183945045;183945045;Да;ИСТИНА
184761702;184761702;Да;ИСТИНА
185215682;185215682;Да;ИСТИНА
185916243;185916243;Да;ИСТИНА
186510947;186510947;Да;ИСТИНА
187491626;187491626;Да;ИСТИНА
189292910;189292910;Да;ИСТИНА
190210392;190210392;Да;ИСТИНА
190965342;190965342;Да;ИСТИНА
191022510;191022510;Да;ИСТИНА
191313777;191313777;Да;ИСТИНА
191444242;191444242;Да;ИСТИНА
191938171;191938171;Да;ИСТИНА
192303735;192303735;Да;ИСТИНА
193435374;193435374;Да;ИСТИНА
194460429;194460429;Да;ИСТИНА
194683460;194683460;Да;ИСТИНА
194854902;194854902;Да;ИСТИНА
195043285;195043285;Да;ИСТИНА
196908046;196908046;Да;ИСТИНА
196988306;196988306;Да;ИСТИНА
197606050;197606050;Да;ИСТИНА
198270351;198270351;Да;ИСТИНА
200172946;200172946;Да;ИСТИНА
201426563;201426563;Да;ИСТИНА
202915987;202915987;Да;ИСТИНА
202930556;202930556;Да;ИСТИНА
203374713;203374713;Да;ИСТИНА
204249809;204249809;Да;ИСТИНА
206154493;206154493;Да;ИСТИНА
206959385;206959385;Да;ИСТИНА
208469153;208469153;Да;ИСТИНА
209718505;209718505;Да;ИСТИНА
210857248;210857248;Да;ИСТИНА
210942578;210942578;Да;ИСТИНА
212267771;212267771;Да;ИСТИНА
213716712;213716712;Да;ИСТИНА
215226448;215226448;Да;ИСТИНА
215482570;215482570;Да;ИСТИНА
217323995;217323995;Да;ИСТИНА
217344964;217344964;Да;ИСТИНА
217559786;217559786;Да;ИСТИНА
218538915;218538915;Да;ИСТИНА
219156383;219156383;Да;ИСТИНА
219183829;219183829;Да;ИСТИНА
219963803;219963803;Да;ИСТИНА
220262255;220262255;Да;ИСТИНА
220522721;220522721;Да;ИСТИНА
220655519;220655519;Да;ИСТИНА
222380800;222380800;Да;ИСТИНА
224285889;224285889;Да;ИСТИНА
224416051;224416051;Да;ИСТИНА
224851182;224851182;Да;ИСТИНА
225448150;225448150;Да;ИСТИНА
225698424;225698424;Да;ИСТИНА
229042308;229042308;Да;ИСТИНА
229185768;229185768;Да;ИСТИНА
229846989;229846989;Да;ИСТИНА
231067705;231067705;Да;ИСТИНА
231698902;231698902;Да;ИСТИНА
231832055;231832055;Да;ИСТИНА
232621999;232621999;Да;ИСТИНА
232695606;232695606;Да;ИСТИНА
233014877;233014877;Да;ИСТИНА
234130172;234130172;Да;ИСТИНА
234153233;234153233;Да;ИСТИНА
235306234;235306234;Да;ИСТИНА
236695857;236695857;Да;ИСТИНА
237880802;237880802;Да;ИСТИНА
238250802;238250802;Да;ИСТИНА
238354143;238354143;Да;ИСТИНА
239467785;239467785;Да;ИСТИНА
240575947;240575947;Да;ИСТИНА
240776246;240776246;Да;ИСТИНА
241076987;241076987;Да;ИСТИНА
242811087;242811087;Да;ИСТИНА
243516181;243516181;Да;ИСТИНА
246632196;246632196;Да;ИСТИНА
247201278;247201278;Да;ИСТИНА
248728341;248728341;Да;ИСТИНА
249865589;249865589;Да;ИСТИНА
250890680;250890680;Да;ИСТИНА
251161035;251161035;Да;ИСТИНА
251593678;251593678;Да;ИСТИНА
252336301;252336301;Да;ИСТИНА
253370449;253370449;Да;ИСТИНА
253741220;253741220;Да;ИСТИНА
253798260;253798260;Да;ИСТИНА
255978475;255978475;Да;ИСТИНА
256117386;256117386;Да;ИСТИНА
256761578;256761578;Да;ИСТИНА
256846108;256846108;Да;ИСТИНА
257310534;257310534;Да;ИСТИНА
257476955;257476955;Да;ИСТИНА
258720699;258720699;Да;ИСТИНА
259100455;259100455;Да;ИСТИНА
259741088;259741088;Да;ИСТИНА
260852531;260852531;Да;ИСТИНА
263078691;263078691;Да;ИСТИНА
263217553;263217553;Да;ИСТИНА
263494597;263494597;Да;ИСТИНА
263830454;263830454;Да;ИСТИНА
263879524;263879524;Да;ИСТИНА
264753050;264753050;Да;ИСТИНА
267092054;267092054;Да;ИСТИНА
267790802;267790802;Да;ИСТИНА
268151959;268151959;Да;ИСТИНА
268406790;268406790;Да;ИСТИНА
268728849;268728849;Да;ИСТИНА
268891874;268891874;Да;ИСТИНА
269076429;269076429;Да;ИСТИНА
269905574;269905574;Да;ИСТИНА
270362367;270362367;Да;ИСТИНА
272335846;272335846;Да;ИСТИНА
272591717;272591717;Да;ИСТИНА
273362235;273362235;Да;ИСТИНА
273502822;273502822;Да;ИСТИНА
274181780;274181780;Да;ИСТИНА
274376046;274376046;Да;ИСТИНА
274431926;274431926;Да;ИСТИНА
274968271;274968271;Да;ИСТИНА
275730332;275730332;Да;ИСТИНА
275910162;275910162;Да;ИСТИНА
277195059;277195059;Да;ИСТИНА
277704483;277704483;Да;ИСТИНА
278386834;278386834;Да;ИСТИНА
278491507;278491507;Да;ИСТИНА
278575766;278575766;Да;ИСТИНА
279223987;279223987;Да;ИСТИНА
280204826;280204826;Да;ИСТИНА
281728246;281728246;Да;ИСТИНА
282196002;282196002;Да;ИСТИНА
282217135;282217135;Да;ИСТИНА
282281182;282281182;Да;ИСТИНА
282894638;282894638;Да;ИСТИНА
283092825;283092825;Да;ИСТИНА
283543855;283543855;Да;ИСТИНА
283870857;283870857;Да;ИСТИНА
284167724;284167724;Да;ИСТИНА
284850023;284850023;Да;ИСТИНА
285038328;285038328;Да;ИСТИНА
285469917;285469917;Да;ИСТИНА
285946609;285946609;Да;ИСТИНА
286732448;286732448;Да;ИСТИНА
286898185;286898185;Да;ИСТИНА
287553414;287553414;Да;ИСТИНА
290521997;290521997;Да;ИСТИНА
291799748;291799748;Да;ИСТИНА
292703150;292703150;Да;ИСТИНА
293716954;293716954;Да;ИСТИНА
293753133;293753133;Да;ИСТИНА
294907197;294907197;Да;ИСТИНА
295414885;295414885;Да;ИСТИНА
295962593;295962593;Да;ИСТИНА
296679376;296679376;Да;ИСТИНА
297017081;297017081;Да;ИСТИНА
297296740;297296740;Да;ИСТИНА
298920718;298920718;Да;ИСТИНА
299409336;299409336;Да;ИСТИНА
299575882;299575882;Да;ИСТИНА
300786808;300786808;Да;ИСТИНА
302125689;302125689;Да;ИСТИНА
306001178;306001178;Да;ИСТИНА
308133572;308133572;Да;ИСТИНА
308490898;308490898;Да;ИСТИНА
308960345;308960345;Да;ИСТИНА
309277955;309277955;Да;ИСТИНА
311339073;311339073;Да;ИСТИНА
312033800;312033800;Да;ИСТИНА
312251517;312251517;Да;ИСТИНА
312252388;312252388;Да;ИСТИНА
313399572;313399572;Да;ИСТИНА
314200353;314200353;Да;ИСТИНА
316054636;316054636;Да;ИСТИНА
318138830;318138830;Да;ИСТИНА
318208034;318208034;Да;ИСТИНА
318394751;318394751;Да;ИСТИНА
318548671;318548671;Да;ИСТИНА
320080671;320080671;Да;ИСТИНА
320870499;320870499;Да;ИСТИНА
320902273;320902273;Да;ИСТИНА
321158044;321158044;Да;ИСТИНА
322004287;322004287;Да;ИСТИНА
322814652;322814652;Да;ИСТИНА
323284473;323284473;Да;ИСТИНА
325123535;325123535;Да;ИСТИНА
327992606;327992606;Да;ИСТИНА
330387992;330387992;Да;ИСТИНА
330651493;330651493;Да;ИСТИНА
331668632;331668632;Да;ИСТИНА
331708269;331708269;Да;ИСТИНА
331802639;331802639;Да;ИСТИНА
332190467;332190467;Да;ИСТИНА
332974045;332974045;Да;ИСТИНА
333792400;333792400;Да;ИСТИНА
334321928;334321928;Да;ИСТИНА
335405738;335405738;Да;ИСТИНА
336254547;336254547;Да;ИСТИНА
337606840;337606840;Да;ИСТИНА
337834072;337834072;Да;ИСТИНА
338005422;338005422;Да;ИСТИНА
339015103;339015103;Да;ИСТИНА
339610255;339610255;Да;ИСТИНА
340104558;340104558;Да;ИСТИНА
340755423;340755423;Да;ИСТИНА
341744084;341744084;Да;ИСТИНА
342849746;342849746;Да;ИСТИНА
343482521;343482521;Да;ИСТИНА
346409999;346409999;Да;ИСТИНА
347072227;347072227;Да;ИСТИНА
347234983;347234983;Да;ИСТИНА
350385822;350385822;Да;ИСТИНА
350564518;350564518;Да;ИСТИНА
350765529;350765529;Да;ИСТИНА
351915389;351915389;Да;ИСТИНА
351975309;351975309;Да;ИСТИНА
352366167;352366167;Да;ИСТИНА
352843229;352843229;Да;ИСТИНА
353908035;353908035;Да;ИСТИНА
354002575;354002575;Да;ИСТИНА
354169669;354169669;Да;ИСТИНА
354559271;354559271;Да;ИСТИНА
354871988;354871988;Да;ИСТИНА
355059094;355059094;Да;ИСТИНА
355098412;355098412;Да;ИСТИНА
355151320;355151320;Да;ИСТИНА
355551248;355551248;Да;ИСТИНА
357333112;357333112;Да;ИСТИНА
359594638;359594638;Да;ИСТИНА
359830990;359830990;Да;ИСТИНА
360408555;360408555;Да;ИСТИНА
361551700;361551700;Да;ИСТИНА
361799646;361799646;Да;ИСТИНА
362076626;362076626;Да;ИСТИНА
362248540;362248540;Да;ИСТИНА
362402658;362402658;Да;ИСТИНА
362806777;362806777;Да;ИСТИНА
363447811;363447811;Да;ИСТИНА
363497323;363497323;Да;ИСТИНА
363601688;363601688;Да;ИСТИНА
364175139;364175139;Да;ИСТИНА
364921024;364921024;Да;ИСТИНА
366799999;366799999;Да;ИСТИНА
367784292;367784292;Да;ИСТИНА
370039300;370039300;Да;ИСТИНА
370981369;370981369;Да;ИСТИНА
371136373;371136373;Да;ИСТИНА
372665222;372665222;Да;ИСТИНА
372913264;372913264;Да;ИСТИНА
375542209;375542209;Да;ИСТИНА
375582514;375582514;Да;ИСТИНА
378689580;378689580;Да;ИСТИНА
380100500;380100500;Да;ИСТИНА
380909596;380909596;Да;ИСТИНА
383950684;383950684;Да;ИСТИНА
384447830;384447830;Да;ИСТИНА
384596278;384596278;Да;ИСТИНА
385133177;385133177;Да;ИСТИНА
388473381;388473381;Да;ИСТИНА
388923508;388923508;Да;ИСТИНА
389579296;389579296;Да;ИСТИНА
390482378;390482378;Да;ИСТИНА
390890568;390890568;Да;ИСТИНА
392335283;392335283;Да;ИСТИНА
392544256;392544256;Да;ИСТИНА
393008457;393008457;Да;ИСТИНА
393260928;393260928;Да;ИСТИНА
394000597;394000597;Да;ИСТИНА
394333340;394333340;Да;ИСТИНА
395898629;395898629;Да;ИСТИНА
397288085;397288085;Да;ИСТИНА
397500933;397500933;Да;ИСТИНА
399271845;399271845;Да;ИСТИНА
400006481;400006481;Да;ИСТИНА
401234786;401234786;Да;ИСТИНА
402276410;402276410;Да;ИСТИНА
402316977;402316977;Да;ИСТИНА
403623547;403623547;Да;ИСТИНА
406096624;406096624;Да;ИСТИНА
408221783;408221783;Да;ИСТИНА
411661727;411661727;Да;ИСТИНА
411796053;411796053;Да;ИСТИНА
412990546;412990546;Да;ИСТИНА
413521102;413521102;Да;ИСТИНА
414314942;414314942;Да;ИСТИНА
415086048;415086048;Да;ИСТИНА
416066017;416066017;Да;ИСТИНА
416311732;416311732;Да;ИСТИНА
417885791;417885791;Да;ИСТИНА
417957340;417957340;Да;ИСТИНА
419257507;419257507;Да;ИСТИНА
420210919;420210919;Да;ИСТИНА
421910626;421910626;Да;ИСТИНА
422140399;422140399;Да;ИСТИНА
422343780;422343780;Да;ИСТИНА
422869377;422869377;Да;ИСТИНА
423949207;423949207;Да;ИСТИНА
424776711;424776711;Да;ИСТИНА
425250563;425250563;Да;ИСТИНА
426202645;426202645;Да;ИСТИНА
426864907;426864907;Да;ИСТИНА
427618234;427618234;Да;ИСТИНА
427715092;427715092;Да;ИСТИНА
428822562;428822562;Да;ИСТИНА
430981859;430981859;Да;ИСТИНА
431259517;431259517;Да;ИСТИНА
434025398;434025398;Да;ИСТИНА
434130695;434130695;Да;ИСТИНА
434193604;434193604;Да;ИСТИНА
435797896;435797896;Да;ИСТИНА
436998763;436998763;Да;ИСТИНА
437498181;437498181;Да;ИСТИНА
437841330;437841330;Да;ИСТИНА
439997754;439997754;Да;ИСТИНА
440373797;440373797;Да;ИСТИНА
440413527;440413527;Да;ИСТИНА
441390011;441390011;Да;ИСТИНА
441472279;441472279;Да;ИСТИНА
442131041;442131041;Да;ИСТИНА
443110741;443110741;Да;ИСТИНА
444670971;444670971;Да;ИСТИНА
444837444;444837444;Да;ИСТИНА
445732404;445732404;Да;ИСТИНА
446917491;446917491;Да;ИСТИНА
447494815;447494815;Да;ИСТИНА
447554082;447554082;Да;ИСТИНА
447918208;447918208;Да;ИСТИНА
448158563;448158563;Да;ИСТИНА
448994683;448994683;Да;ИСТИНА
450096602;450096602;Да;ИСТИНА
450976666;450976666;Да;ИСТИНА
452211301;452211301;Да;ИСТИНА
452251714;452251714;Да;ИСТИНА
452734787;452734787;Да;ИСТИНА
453135005;453135005;Да;ИСТИНА
453515477;453515477;Да;ИСТИНА
453939628;453939628;Да;ИСТИНА
454177720;454177720;Да;ИСТИНА
454339031;454339031;Да;ИСТИНА
454364860;454364860;Да;ИСТИНА
457570201;457570201;Да;ИСТИНА
457623490;457623490;Да;ИСТИНА
457660984;457660984;Да;ИСТИНА
458797873;458797873;Да;ИСТИНА
459238516;459238516;Да;ИСТИНА
459480201;459480201;Да;ИСТИНА
459663338;459663338;Да;ИСТИНА
461963313;461963313;Да;ИСТИНА
462667703;462667703;Да;ИСТИНА
464334957;464334957;Да;ИСТИНА
465161752;465161752;Да;ИСТИНА
465554023;465554023;Да;ИСТИНА
466077613;466077613;Да;ИСТИНА
468171084;468171084;Да;ИСТИНА
468422675;468422675;Да;ИСТИНА
469225007;469225007;Да;ИСТИНА
469309881;469309881;Да;ИСТИНА
470424905;470424905;Да;ИСТИНА
471116776;471116776;Да;ИСТИНА
471229583;471229583;Да;ИСТИНА
472346393;472346393;Да;ИСТИНА
472987254;472987254;Да;ИСТИНА
473926540;473926540;Да;ИСТИНА
474869458;474869458;Да;ИСТИНА
475576930;475576930;Да;ИСТИНА
477671548;477671548;Да;ИСТИНА
477701714;477701714;Да;ИСТИНА
478381244;478381244;Да;ИСТИНА
478606863;478606863;Да;ИСТИНА
479983418;479983418;Да;ИСТИНА
480343462;480343462;Да;ИСТИНА
480889738;480889738;Да;ИСТИНА
481095508;481095508;Да;ИСТИНА
482560582;482560582;Да;ИСТИНА
483417542;483417542;Да;ИСТИНА
484141582;484141582;Да;ИСТИНА
484296100;484296100;Да;ИСТИНА
486664140;486664140;Да;ИСТИНА
486742631;486742631;Да;ИСТИНА
487350137;487350137;Да;ИСТИНА
487556443;487556443;Да;ИСТИНА
488984090;488984090;Да;ИСТИНА
489299331;489299331;Да;ИСТИНА
489446969;489446969;Да;ИСТИНА
489690220;489690220;Да;ИСТИНА
490628548;490628548;Да;ИСТИНА
490661815;490661815;Да;ИСТИНА
491111929;491111929;Да;ИСТИНА
492292715;492292715;Да;ИСТИНА
492563909;492563909;Да;ИСТИНА
493499815;493499815;Да;ИСТИНА
494383081;494383081;Да;ИСТИНА
494402812;494402812;Да;ИСТИНА
494768844;494768844;Да;ИСТИНА
495551643;495551643;Да;ИСТИНА
496417653;496417653;Да;ИСТИНА
497196163;497196163;Да;ИСТИНА
497612842;497612842;Да;ИСТИНА
499648606;499648606;Да;ИСТИНА
500471306;500471306;Да;ИСТИНА
500803797;500803797;Да;ИСТИНА
501841576;501841576;Да;ИСТИНА
501930510;501930510;Да;ИСТИНА
502804699;502804699;Да;ИСТИНА
503535376;503535376;Да;ИСТИНА
503966686;503966686;Да;ИСТИНА
504990796;504990796;Да;ИСТИНА
506710989;506710989;Да;ИСТИНА
507073720;507073720;Да;ИСТИНА
508781394;508781394;Да;ИСТИНА
508957887;508957887;Да;ИСТИНА
510353609;510353609;Да;ИСТИНА
512014457;512014457;Да;ИСТИНА
513835161;513835161;Да;ИСТИНА
514197667;514197667;Да;ИСТИНА
514621494;514621494;Да;ИСТИНА
515931806;515931806;Да;ИСТИНА
517231772;517231772;Да;ИСТИНА
517746106;517746106;Да;ИСТИНА
517941826;517941826;Да;ИСТИНА
519597108;519597108;Да;ИСТИНА
519697519;519697519;Да;ИСТИНА
521117599;521117599;Да;ИСТИНА
521463664;521463664;Да;ИСТИНА
523013193;523013193;Да;ИСТИНА
523269136;523269136;Да;ИСТИНА
524113971;524113971;Да;ИСТИНА
524698129;524698129;Да;ИСТИНА
525840026;525840026;Да;ИСТИНА
528565948;528565948;Да;ИСТИНА
528903528;528903528;Да;ИСТИНА
529057201;529057201;Да;ИСТИНА
530312129;530312129;Да;ИСТИНА
530560388;530560388;Да;ИСТИНА
531310819;531310819;Да;ИСТИНА
533377953;533377953;Да;ИСТИНА
533842220;533842220;Да;ИСТИНА
534528548;534528548;Да;ИСТИНА
539545897;539545897;Да;ИСТИНА
540678099;540678099;Да;ИСТИНА
540744802;540744802;Да;ИСТИНА
541695108;541695108;Да;ИСТИНА
545023086;545023086;Да;ИСТИНА
547735767;547735767;Да;ИСТИНА
549911555;549911555;Да;ИСТИНА
550373180;550373180;Да;ИСТИНА
550431026;550431026;Да;ИСТИНА
551493966;551493966;Да;ИСТИНА
551841746;551841746;Да;ИСТИНА
552437426;552437426;Да;ИСТИНА
553123863;553123863;Да;ИСТИНА
554452504;554452504;Да;ИСТИНА
554455931;554455931;Да;ИСТИНА
556682654;556682654;Да;ИСТИНА
557355571;557355571;Да;ИСТИНА
557980354;557980354;Да;ИСТИНА
558156634;558156634;Да;ИСТИНА
559711985;559711985;Да;ИСТИНА
559784254;559784254;Да;ИСТИНА
559847037;559847037;Да;ИСТИНА
559980646;559980646;Да;ИСТИНА
561981614;561981614;Да;ИСТИНА
562424842;562424842;Да;ИСТИНА
562880336;562880336;Да;ИСТИНА
563465572;563465572;Да;ИСТИНА
564285586;564285586;Да;ИСТИНА
565560136;565560136;Да;ИСТИНА
566982207;566982207;Да;ИСТИНА
567537204;567537204;Да;ИСТИНА
567562046;567562046;Да;ИСТИНА
567957007;567957007;Да;ИСТИНА
568079261;568079261;Да;ИСТИНА
568138659;568138659;Да;ИСТИНА
568394593;568394593;Да;ИСТИНА
568541144;568541144;Да;ИСТИНА
570241406;570241406;Да;ИСТИНА
570360688;570360688;Да;ИСТИНА
571503992;571503992;Да;ИСТИНА
571897939;571897939;Да;ИСТИНА
573200240;573200240;Да;ИСТИНА
574702178;574702178;Да;ИСТИНА
574913660;574913660;Да;ИСТИНА
575556640;575556640;Да;ИСТИНА
577750216;577750216;Да;ИСТИНА
577988470;577988470;Да;ИСТИНА
578972261;578972261;Да;ИСТИНА
579065800;579065800;Да;ИСТИНА
579485848;579485848;Да;ИСТИНА
579564590;579564590;Да;ИСТИНА
580549485;580549485;Да;ИСТИНА
581037696;581037696;Да;ИСТИНА
581119419;581119419;Да;ИСТИНА
581404931;581404931;Да;ИСТИНА
581969159;581969159;Да;ИСТИНА
582385188;582385188;Да;ИСТИНА
583073816;583073816;Да;ИСТИНА
584472957;584472957;Да;ИСТИНА
585045164;585045164;Да;ИСТИНА
585074583;585074583;Да;ИСТИНА
586983195;586983195;Да;ИСТИНА
587849248;587849248;Да;ИСТИНА
588123550;588123550;Да;ИСТИНА
588272015;588272015;Да;ИСТИНА
589389272;589389272;Да;ИСТИНА
589749657;589749657;Да;ИСТИНА
591533589;591533589;Да;ИСТИНА
592153209;592153209;Да;ИСТИНА
592163559;592163559;Да;ИСТИНА
593631444;593631444;Да;ИСТИНА
595172697;595172697;Да;ИСТИНА
595537831;595537831;Да;ИСТИНА
596133817;596133817;Да;ИСТИНА
596540572;596540572;Да;ИСТИНА
598167259;598167259;Да;ИСТИНА
598822699;598822699;Да;ИСТИНА
599663002;599663002;Да;ИСТИНА
600450713;600450713;Да;ИСТИНА
601252684;601252684;Да;ИСТИНА
601876503;601876503;Да;ИСТИНА
602395898;602395898;Да;ИСТИНА
602507753;602507753;Да;ИСТИНА
602992211;602992211;Да;ИСТИНА
604530822;604530822;Да;ИСТИНА
604597257;604597257;Да;ИСТИНА
607320211;607320211;Да;ИСТИНА
608167244;608167244;Да;ИСТИНА
608728922;608728922;Да;ИСТИНА
608751472;608751472;Да;ИСТИНА
609943939;609943939;Да;ИСТИНА
611461671;611461671;Да;ИСТИНА
613409859;613409859;Да;ИСТИНА
613707900;613707900;Да;ИСТИНА
614225788;614225788;Да;ИСТИНА
614597278;614597278;Да;ИСТИНА
615875852;615875852;Да;ИСТИНА
617356607;617356607;Да;ИСТИНА
617516997;617516997;Да;ИСТИНА
617705381;617705381;Да;ИСТИНА
618497186;618497186;Да;ИСТИНА
619027299;619027299;Да;ИСТИНА
619763244;619763244;Да;ИСТИНА
621250536;621250536;Да;ИСТИНА
621860073;621860073;Да;ИСТИНА
623502756;623502756;Да;ИСТИНА
623782912;623782912;Да;ИСТИНА
623795729;623795729;Да;ИСТИНА
624216129;624216129;Да;ИСТИНА
624628304;624628304;Да;ИСТИНА
625751234;625751234;Да;ИСТИНА
627176510;627176510;Да;ИСТИНА
627792179;627792179;Да;ИСТИНА
628094856;628094856;Да;ИСТИНА
628592319;628592319;Да;ИСТИНА
628658799;628658799;Да;ИСТИНА
628843009;628843009;Да;ИСТИНА
631164679;631164679;Да;ИСТИНА
631784649;631784649;Да;ИСТИНА
631829027;631829027;Да;ИСТИНА
632365033;632365033;Да;ИСТИНА
633099880;633099880;Да;ИСТИНА
633344283;633344283;Да;ИСТИНА
634376664;634376664;Да;ИСТИНА
634958984;634958984;Да;ИСТИНА
635097228;635097228;Да;ИСТИНА
635421146;635421146;Да;ИСТИНА
635942177;635942177;Да;ИСТИНА
636404368;636404368;Да;ИСТИНА
640039065;640039065;Да;ИСТИНА
641075316;641075316;Да;ИСТИНА
641196357;641196357;Да;ИСТИНА
641607819;641607819;Да;ИСТИНА
642055818;642055818;Да;ИСТИНА
646196466;646196466;Да;ИСТИНА
646412336;646412336;Да;ИСТИНА
646466961;646466961;Да;ИСТИНА
647888539;647888539;Да;ИСТИНА
649210482;649210482;Да;ИСТИНА
650585630;650585630;Да;ИСТИНА
650782859;650782859;Да;ИСТИНА
653566654;653566654;Да;ИСТИНА
655555611;655555611;Да;ИСТИНА
655880530;655880530;Да;ИСТИНА
655901971;655901971;Да;ИСТИНА
655909560;655909560;Да;ИСТИНА
656882496;656882496;Да;ИСТИНА
657177559;657177559;Да;ИСТИНА
657885641;657885641;Да;ИСТИНА
658629732;658629732;Да;ИСТИНА
658669767;658669767;Да;ИСТИНА
659784876;659784876;Да;ИСТИНА
660762639;660762639;Да;ИСТИНА
661803060;661803060;Да;ИСТИНА
662762299;662762299;Да;ИСТИНА
663049165;663049165;Да;ИСТИНА
663295117;663295117;Да;ИСТИНА
663762661;663762661;Да;ИСТИНА
665204648;665204648;Да;ИСТИНА
666060711;666060711;Да;ИСТИНА
666094879;666094879;Да;ИСТИНА
666139422;666139422;Да;ИСТИНА
666475260;666475260;Да;ИСТИНА
667694001;667694001;Да;ИСТИНА
667985829;667985829;Да;ИСТИНА
668084621;668084621;Да;ИСТИНА
668655386;668655386;Да;ИСТИНА
669136278;669136278;Да;ИСТИНА
671490917;671490917;Да;ИСТИНА
671714295;671714295;Да;ИСТИНА
673516049;673516049;Да;ИСТИНА
675470814;675470814;Да;ИСТИНА
677282222;677282222;Да;ИСТИНА
677422537;677422537;Да;ИСТИНА
677436794;677436794;Да;ИСТИНА
677444687;677444687;Да;ИСТИНА
678367779;678367779;Да;ИСТИНА
678662832;678662832;Да;ИСТИНА
679823523;679823523;Да;ИСТИНА
680266502;680266502;Да;ИСТИНА
680695819;680695819;Да;ИСТИНА
681684401;681684401;Да;ИСТИНА
682184077;682184077;Да;ИСТИНА
682348129;682348129;Да;ИСТИНА
683756939;683756939;Да;ИСТИНА
684183352;684183352;Да;ИСТИНА
685073186;685073186;Да;ИСТИНА
686745624;686745624;Да;ИСТИНА
687514636;687514636;Да;ИСТИНА
689297306;689297306;Да;ИСТИНА
689675361;689675361;Да;ИСТИНА
690865423;690865423;Да;ИСТИНА
691470883;691470883;Да;ИСТИНА
693602639;693602639;Да;ИСТИНА
693777769;693777769;Да;ИСТИНА
693937364;693937364;Да;ИСТИНА
695567096;695567096;Да;ИСТИНА
695758145;695758145;Да;ИСТИНА
698288516;698288516;Да;ИСТИНА
699206010;699206010;Да;ИСТИНА
699765728;699765728;Да;ИСТИНА
701484715;701484715;Да;ИСТИНА
702082895;702082895;Да;ИСТИНА
702674308;702674308;Да;ИСТИНА
702959990;702959990;Да;ИСТИНА
702960839;702960839;Да;ИСТИНА
703602768;703602768;Да;ИСТИНА
703783271;703783271;Да;ИСТИНА
704566947;704566947;Да;ИСТИНА
705759016;705759016;Да;ИСТИНА
705880407;705880407;Да;ИСТИНА
707947538;707947538;Да;ИСТИНА
708366436;708366436;Да;ИСТИНА
708473898;708473898;Да;ИСТИНА
708877825;708877825;Да;ИСТИНА
709533880;709533880;Да;ИСТИНА
709862872;709862872;Да;ИСТИНА
710252667;710252667;Да;ИСТИНА
710324339;710324339;Да;ИСТИНА
710636347;710636347;Да;ИСТИНА
711885321;711885321;Да;ИСТИНА
712580184;712580184;Да;ИСТИНА
712607046;712607046;Да;ИСТИНА
713852688;713852688;Да;ИСТИНА
713972763;713972763;Да;ИСТИНА
714562554;714562554;Да;ИСТИНА
716973591;716973591;Да;ИСТИНА
718203974;718203974;Да;ИСТИНА
718333520;718333520;Да;ИСТИНА
719616970;719616970;Да;ИСТИНА
720603307;720603307;Да;ИСТИНА
720661811;720661811;Да;ИСТИНА
720835507;720835507;Да;ИСТИНА
721924809;721924809;Да;ИСТИНА
721940929;721940929;Да;ИСТИНА
722621655;722621655;Да;ИСТИНА
723271442;723271442;Да;ИСТИНА
723505070;723505070;Да;ИСТИНА
725190675;725190675;Да;ИСТИНА
726128358;726128358;Да;ИСТИНА
730113136;730113136;Да;ИСТИНА
730394246;730394246;Да;ИСТИНА
730624129;730624129;Да;ИСТИНА
730642982;730642982;Да;ИСТИНА
731029346;731029346;Да;ИСТИНА
733080182;733080182;Да;ИСТИНА
734520826;734520826;Да;ИСТИНА
735575673;735575673;Да;ИСТИНА
735591354;735591354;Да;ИСТИНА
735798024;735798024;Да;ИСТИНА
735990164;735990164;Да;ИСТИНА
736542332;736542332;Да;ИСТИНА
737809697;737809697;Да;ИСТИНА
738258757;738258757;Да;ИСТИНА
739300090;739300090;Да;ИСТИНА
739586027;739586027;Да;ИСТИНА
741070215;741070215;Да;ИСТИНА
741125565;741125565;Да;ИСТИНА
742541086;742541086;Да;ИСТИНА
743057746;743057746;Да;ИСТИНА
743173594;743173594;Да;ИСТИНА
743918278;743918278;Да;ИСТИНА
743961054;743961054;Да;ИСТИНА
745336344;745336344;Да;ИСТИНА
745607574;745607574;Да;ИСТИНА
747273594;747273594;Да;ИСТИНА
747781138;747781138;Да;ИСТИНА
751486249;751486249;Да;ИСТИНА
751604302;751604302;Да;ИСТИНА
752283423;752283423;Да;ИСТИНА
753082737;753082737;Да;ИСТИНА
754473025;754473025;Да;ИСТИНА
757220077;757220077;Да;ИСТИНА
758310349;758310349;Да;ИСТИНА
758496122;758496122;Да;ИСТИНА
760222717;760222717;Да;ИСТИНА
760634464;760634464;Да;ИСТИНА
761350384;761350384;Да;ИСТИНА
761494302;761494302;Да;ИСТИНА
762339095;762339095;Да;ИСТИНА
762863315;762863315;Да;ИСТИНА
762996218;762996218;Да;ИСТИНА
764332809;764332809;Да;ИСТИНА
764804987;764804987;Да;ИСТИНА
764875833;764875833;Да;ИСТИНА
765602869;765602869;Да;ИСТИНА
766583307;766583307;Да;ИСТИНА
766794748;766794748;Да;ИСТИНА
767697008;767697008;Да;ИСТИНА
768049268;768049268;Да;ИСТИНА
768621010;768621010;Да;ИСТИНА
769394043;769394043;Да;ИСТИНА
769562343;769562343;Да;ИСТИНА
769833539;769833539;Да;ИСТИНА
770079269;770079269;Да;ИСТИНА
770471788;770471788;Да;ИСТИНА
770535062;770535062;Да;ИСТИНА
771585822;771585822;Да;ИСТИНА
772199825;772199825;Да;ИСТИНА
772718775;772718775;Да;ИСТИНА
773822447;773822447;Да;ИСТИНА
774590807;774590807;Да;ИСТИНА
775176168;775176168;Да;ИСТИНА
775657100;775657100;Да;ИСТИНА
775762367;775762367;Да;ИСТИНА
778053840;778053840;Да;ИСТИНА
778321204;778321204;Да;ИСТИНА
779023302;779023302;Да;ИСТИНА
779433412;779433412;Да;ИСТИНА
779690810;779690810;Да;ИСТИНА
780428276;780428276;Да;ИСТИНА
780475809;780475809;Да;ИСТИНА
780845760;780845760;Да;ИСТИНА
781750852;781750852;Да;ИСТИНА
783222510;783222510;Да;ИСТИНА
783320975;783320975;Да;ИСТИНА
784386099;784386099;Да;ИСТИНА
784745441;784745441;Да;ИСТИНА
785516471;785516471;Да;ИСТИНА
789146934;789146934;Да;ИСТИНА
789326948;789326948;Да;ИСТИНА
789388537;789388537;Да;ИСТИНА
789552147;789552147;Да;ИСТИНА
790722088;790722088;Да;ИСТИНА
791702706;791702706;Да;ИСТИНА
794232032;794232032;Да;ИСТИНА
794668102;794668102;Да;ИСТИНА
794865504;794865504;Да;ИСТИНА
795368478;795368478;Да;ИСТИНА
795406964;795406964;Да;ИСТИНА
795637638;795637638;Да;ИСТИНА
795900646;795900646;Да;ИСТИНА
796252402;796252402;Да;ИСТИНА
796912935;796912935;Да;ИСТИНА
796922399;796922399;Да;ИСТИНА
797526541;797526541;Да;ИСТИНА
797914207;797914207;Да;ИСТИНА
799269114;799269114;Да;ИСТИНА
800438393;800438393;Да;ИСТИНА
800811091;800811091;Да;ИСТИНА
801633681;801633681;Да;ИСТИНА
804120268;804120268;Да;ИСТИНА
804455826;804455826;Да;ИСТИНА
805098688;805098688;Да;ИСТИНА
805243686;805243686;Да;ИСТИНА
805397026;805397026;Да;ИСТИНА
805644105;805644105;Да;ИСТИНА
805873620;805873620;Да;ИСТИНА
806503715;806503715;Да;ИСТИНА
806712922;806712922;Да;ИСТИНА
808199742;808199742;Да;ИСТИНА
809439265;809439265;Да;ИСТИНА
809674352;809674352;Да;ИСТИНА
809858695;809858695;Да;ИСТИНА
812059085;812059085;Да;ИСТИНА
812194092;812194092;Да;ИСТИНА
812378755;812378755;Да;ИСТИНА
814180386;814180386;Да;ИСТИНА
815250224;815250224;Да;ИСТИНА
815465956;815465956;Да;ИСТИНА
815650891;815650891;Да;ИСТИНА
815925970;815925970;Да;ИСТИНА
816091415;816091415;Да;ИСТИНА
816256197;816256197;Да;ИСТИНА
818911103;818911103;Да;ИСТИНА
818983316;818983316;Да;ИСТИНА
819154628;819154628;Да;ИСТИНА
819241646;819241646;Да;ИСТИНА
819446481;819446481;Да;ИСТИНА
820659580;820659580;Да;ИСТИНА
821684921;821684921;Да;ИСТИНА
822592886;822592886;Да;ИСТИНА
822867782;822867782;Да;ИСТИНА
822998527;822998527;Да;ИСТИНА
823185500;823185500;Да;ИСТИНА
823456573;823456573;Да;ИСТИНА
823961790;823961790;Да;ИСТИНА
824514252;824514252;Да;ИСТИНА
825011308;825011308;Да;ИСТИНА
825084452;825084452;Да;ИСТИНА
825759259;825759259;Да;ИСТИНА
826666170;826666170;Да;ИСТИНА
826720802;826720802;Да;ИСТИНА
827625590;827625590;Да;ИСТИНА
827720813;827720813;Да;ИСТИНА
829936756;829936756;Да;ИСТИНА
830756824;830756824;Да;ИСТИНА
830934599;830934599;Да;ИСТИНА
831867076;831867076;Да;ИСТИНА
831986279;831986279;Да;ИСТИНА
833254802;833254802;Да;ИСТИНА
835719915;835719915;Да;ИСТИНА
835895410;835895410;Да;ИСТИНА
836487467;836487467;Да;ИСТИНА
836856830;836856830;Да;ИСТИНА
839821753;839821753;Да;ИСТИНА
839996128;839996128;Да;ИСТИНА
841991720;841991720;Да;ИСТИНА
842220922;842220922;Да;ИСТИНА
842528780;842528780;Да;ИСТИНА
844532312;844532312;Да;ИСТИНА
844698378;844698378;Да;ИСТИНА
845576057;845576057;Да;ИСТИНА
845988733;845988733;Да;ИСТИНА
846182889;846182889;Да;ИСТИНА
846659853;846659853;Да;ИСТИНА
849220929;849220929;Да;ИСТИНА
850110864;850110864;Да;ИСТИНА
851241683;851241683;Да;ИСТИНА
851320694;851320694;Да;ИСТИНА
853588577;853588577;Да;ИСТИНА
854946051;854946051;Да;ИСТИНА
856387359;856387359;Да;ИСТИНА
856707841;856707841;Да;ИСТИНА
856875141;856875141;Да;ИСТИНА
857290123;857290123;Да;ИСТИНА
858750768;858750768;Да;ИСТИНА
861091939;861091939;Да;ИСТИНА
861663868;861663868;Да;ИСТИНА
865447115;865447115;Да;ИСТИНА
865775711;865775711;Да;ИСТИНА
866602863;866602863;Да;ИСТИНА
867029085;867029085;Да;ИСТИНА
868448661;868448661;Да;ИСТИНА
869701659;869701659;Да;ИСТИНА
870761474;870761474;Да;ИСТИНА
871060189;871060189;Да;ИСТИНА
871358512;871358512;Да;ИСТИНА
871666065;871666065;Да;ИСТИНА
871873363;871873363;Да;ИСТИНА
872503153;872503153;Да;ИСТИНА
873038686;873038686;Да;ИСТИНА
873257564;873257564;Да;ИСТИНА
874561189;874561189;Да;ИСТИНА
875161623;875161623;Да;ИСТИНА
875326277;875326277;Да;ИСТИНА
875915109;875915109;Да;ИСТИНА
876149998;876149998;Да;ИСТИНА
877262177;877262177;Да;ИСТИНА
877770024;877770024;Да;ИСТИНА
877988989;877988989;Да;ИСТИНА
879460048;879460048;Да;ИСТИНА
880715133;880715133;Да;ИСТИНА
882052698;882052698;Да;ИСТИНА
882623968;882623968;Да;ИСТИНА
882641249;882641249;Да;ИСТИНА
883979571;883979571;Да;ИСТИНА
888436714;888436714;Да;ИСТИНА
888970838;888970838;Да;ИСТИНА
889479558;889479558;Да;ИСТИНА
889665467;889665467;Да;ИСТИНА
890116626;890116626;Да;ИСТИНА
890208124;890208124;Да;ИСТИНА
891275790;891275790;Да;ИСТИНА
892260478;892260478;Да;ИСТИНА
893459932;893459932;Да;ИСТИНА
893820016;893820016;Да;ИСТИНА
894091403;894091403;Да;ИСТИНА
896370431;896370431;Да;ИСТИНА
896731452;896731452;Да;ИСТИНА
898162857;898162857;Да;ИСТИНА
898906285;898906285;Да;ИСТИНА
899583762;899583762;Да;ИСТИНА
900876359;900876359;Да;ИСТИНА
901430465;901430465;Да;ИСТИНА
901818201;901818201;Да;ИСТИНА
902177807;902177807;Да;ИСТИНА
903379727;903379727;Да;ИСТИНА
905102229;905102229;Да;ИСТИНА
906767265;906767265;Да;ИСТИНА
906948446;906948446;Да;ИСТИНА
907038235;907038235;Да;ИСТИНА
908416311;908416311;Да;ИСТИНА
909320606;909320606;Да;ИСТИНА
909871825;909871825;Да;ИСТИНА
910687626;910687626;Да;ИСТИНА
910881993;910881993;Да;ИСТИНА
910991308;910991308;Да;ИСТИНА
911272960;911272960;Да;ИСТИНА
911274212;911274212;Да;ИСТИНА
911370774;911370774;Да;ИСТИНА
911378621;911378621;Да;ИСТИНА
911712289;911712289;Да;ИСТИНА
911777482;911777482;Да;ИСТИНА
912042298;912042298;Да;ИСТИНА
912366831;912366831;Да;ИСТИНА
912825676;912825676;Да;ИСТИНА
913394286;913394286;Да;ИСТИНА
913780596;913780596;Да;ИСТИНА
914127866;914127866;Да;ИСТИНА
914191830;914191830;Да;ИСТИНА
914411960;914411960;Да;ИСТИНА
914511337;914511337;Да;ИСТИНА
915569995;915569995;Да;ИСТИНА
915766922;915766922;Да;ИСТИНА
917314070;917314070;Да;ИСТИНА
918073091;918073091;Да;ИСТИНА
918188736;918188736;Да;ИСТИНА
919209306;919209306;Да;ИСТИНА
919602724;919602724;Да;ИСТИНА
919752754;919752754;Да;ИСТИНА
921068100;921068100;Да;ИСТИНА
921175287;921175287;Да;ИСТИНА
921726149;921726149;Да;ИСТИНА
922880632;922880632;Да;ИСТИНА
923698897;923698897;Да;ИСТИНА
925703583;925703583;Да;ИСТИНА
927183965;927183965;Да;ИСТИНА
927195765;927195765;Да;ИСТИНА
927842194;927842194;Да;ИСТИНА
927967206;927967206;Да;ИСТИНА
931760475;931760475;Да;ИСТИНА
931867027;931867027;Да;ИСТИНА
931970906;931970906;Да;ИСТИНА
932581303;932581303;Да;ИСТИНА
933005917;933005917;Да;ИСТИНА
933084780;933084780;Да;ИСТИНА
935260690;935260690;Да;ИСТИНА
937244650;937244650;Да;ИСТИНА
937408452;937408452;Да;ИСТИНА
938133548;938133548;Да;ИСТИНА
938667979;938667979;Да;ИСТИНА
939705107;939705107;Да;ИСТИНА
940011762;940011762;Да;ИСТИНА
940626062;940626062;Да;ИСТИНА
943765034;943765034;Да;ИСТИНА
944308060;944308060;Да;ИСТИНА
945060104;945060104;Да;ИСТИНА
946438469;946438469;Да;ИСТИНА
946568208;946568208;Да;ИСТИНА
946741707;946741707;Да;ИСТИНА
947995626;947995626;Да;ИСТИНА
948446456;948446456;Да;ИСТИНА
950131018;950131018;Да;ИСТИНА
950826197;950826197;Да;ИСТИНА
950982481;950982481;Да;ИСТИНА
951156253;951156253;Да;ИСТИНА
952857054;952857054;Да;ИСТИНА
955511873;955511873;Да;ИСТИНА
955619569;955619569;Да;ИСТИНА
956074551;956074551;Да;ИСТИНА
958342303;958342303;Да;ИСТИНА
958477942;958477942;Да;ИСТИНА
958511815;958511815;Да;ИСТИНА
959052048;959052048;Да;ИСТИНА
960093510;960093510;Да;ИСТИНА
960159442;960159442;Да;ИСТИНА
961582727;961582727;Да;ИСТИНА
964329420;964329420;Да;ИСТИНА
965122648;965122648;Да;ИСТИНА
966576237;966576237;Да;ИСТИНА
967348850;967348850;Да;ИСТИНА
967631858;967631858;Да;ИСТИНА
968414382;968414382;Да;ИСТИНА
968995034;968995034;Да;ИСТИНА
969484829;969484829;Да;ИСТИНА
969582418;969582418;Да;ИСТИНА
969848871;969848871;Да;ИСТИНА
969855367;969855367;Да;ИСТИНА
969960990;969960990;Да;ИСТИНА
970310648;970310648;Да;ИСТИНА
970340028;970340028;Да;ИСТИНА
970744509;970744509;Да;ИСТИНА
971035295;971035295;Да;ИСТИНА
971539947;971539947;Да;ИСТИНА
972033058;972033058;Да;ИСТИНА
972275859;972275859;Да;ИСТИНА
972745564;972745564;Да;ИСТИНА
974159147;974159147;Да;ИСТИНА
977034604;977034604;Да;ИСТИНА
978157344;978157344;Да;ИСТИНА
980678009;980678009;Да;ИСТИНА
981266890;981266890;Да;ИСТИНА
981336604;981336604;Да;ИСТИНА
983279897;983279897;Да;ИСТИНА
983525664;983525664;Да;ИСТИНА
983735803;983735803;Да;ИСТИНА
986253988;986253988;Да;ИСТИНА
986419681;986419681;Да;ИСТИНА
986811312;986811312;Да;ИСТИНА
987934109;987934109;Да;ИСТИНА
988308730;988308730;Да;ИСТИНА
990506160;990506160;Да;ИСТИНА
990918855;990918855;Да;ИСТИНА
992762617;992762617;Да;ИСТИНА
992973488;992973488;Да;ИСТИНА
993193318;993193318;Да;ИСТИНА
994629718;994629718;Да;ИСТИНА
994673231;994673231;Да;ИСТИНА
997485378;997485378;Да;ИСТИНА
997933195;997933195;Да;ИСТИНА
998009299;998009299;Да;ИСТИНА
998227952;998227952;Да;ИСТИНА
998978079;998978079;Да;ИСТИНА
999253228;999253228;Да;ИСТИНА
;999253229;;
